Company Name,Role,Job link, Similarity Score 
Amazon,Data Engineer Internship – 2023 (US),https://www.linkedin.com/jobs/view/externalApply/3179374214?url=https%3A%2F%2Fwww%2Eamazon%2Ejobs%2Fjobs%2F2141830%2Fdata-engineer-internship---us%3Fcmpid%3DSPLICX0248M%26utm_source%3Dlinkedin%2Ecom%26utm_campaign%3Dcxro%26utm_medium%3Dsocial_media%26utm_content%3Djob_posting%26ss%3Dpaid&urlHash=grfi&refId=dFxhwoEozM3njLVRjd2vDA%3D%3D&trackingId=oLkVQv41PyeZxoK2%2F2GfGQ%3D%3D&trk=public_jobs_apply-link-offsite,8.22%
Amazon,Amazon Robotics - Software Development Engineer (SDE) Intern - Summer 2023,https://www.linkedin.com/jobs/view/externalApply/3179374214?url=https%3A%2F%2Fwww%2Eamazon%2Ejobs%2Fjobs%2F2141830%2Fdata-engineer-internship---us%3Fcmpid%3DSPLICX0248M%26utm_source%3Dlinkedin%2Ecom%26utm_campaign%3Dcxro%26utm_medium%3Dsocial_media%26utm_content%3Djob_posting%26ss%3Dpaid&urlHash=grfi&refId=dFxhwoEozM3njLVRjd2vDA%3D%3D&trackingId=oLkVQv41PyeZxoK2%2F2GfGQ%3D%3D&trk=public_jobs_apply-link-offsite,0.0%
Amazon,Amazon Robotics - Data Engineer (DE) Intern - Summer 2023,https://www.linkedin.com/jobs/view/externalApply/3179374214?url=https%3A%2F%2Fwww%2Eamazon%2Ejobs%2Fjobs%2F2141830%2Fdata-engineer-internship---us%3Fcmpid%3DSPLICX0248M%26utm_source%3Dlinkedin%2Ecom%26utm_campaign%3Dcxro%26utm_medium%3Dsocial_media%26utm_content%3Djob_posting%26ss%3Dpaid&urlHash=grfi&refId=dFxhwoEozM3njLVRjd2vDA%3D%3D&trackingId=oLkVQv41PyeZxoK2%2F2GfGQ%3D%3D&trk=public_jobs_apply-link-offsite,0.0%
Amazon,Front-End Engineer Internship – 2023 (US),https://www.linkedin.com/jobs/view/externalApply/3209046770?url=https%3A%2F%2Fwww%2Eamazon%2Ejobs%2Fjobs%2F2141835%2Ffrontend-engineer-internship---us%3Fcmpid%3DSPLICX0248M%26utm_source%3Dlinkedin%2Ecom%26utm_campaign%3Dcxro%26utm_medium%3Dsocial_media%26utm_content%3Djob_posting%26ss%3Dpaid&urlHash=-E7X&refId=dFxhwoEozM3njLVRjd2vDA%3D%3D&trackingId=4bgWoaEKexITdK6lvgUnsA%3D%3D&trk=public_jobs_apply-link-offsite,6.43%
Amazon,Amazon Robotics - Data Scientist (DS) Intern - Summer 2023,https://www.linkedin.com/jobs/view/externalApply/3281940676?url=https%3A%2F%2Fwww%2Eamazon%2Ejobs%2Fjobs%2F2249554%2Famazon-robotics--data-scientist-ds-intern--summer-%3Fcmpid%3DSPLICX0248M%26utm_source%3Dlinkedin%2Ecom%26utm_campaign%3Dcxro%26utm_medium%3Dsocial_media%26utm_content%3Djob_posting%26ss%3Dpaid&urlHash=O_tM&refId=dFxhwoEozM3njLVRjd2vDA%3D%3D&trackingId=veibuGpGSb%2F4vVZqvUmZ5w%3D%3D&trk=public_jobs_apply-link-offsite,9.78%
Amazon,Business Intelligence Engineer Internship – 2023 (US),https://www.linkedin.com/jobs/view/externalApply/3179373424?url=https%3A%2F%2Fwww%2Eamazon%2Ejobs%2Fjobs%2F2141832%2Fbusiness-intelligence-engineer-internship---us%3Fcmpid%3DSPLICX0248M%26utm_source%3Dlinkedin%2Ecom%26utm_campaign%3Dcxro%26utm_medium%3Dsocial_media%26utm_content%3Djob_posting%26ss%3Dpaid&urlHash=_n_x&refId=dFxhwoEozM3njLVRjd2vDA%3D%3D&trackingId=0T2mFOGV8MSh8jL78zlekw%3D%3D&trk=public_jobs_apply-link-offsite,7.32%
Amazon,Amazon Robotics - Hardware Engineer Intern - Summer 2023,https://www.linkedin.com/jobs/view/externalApply/3272642402?url=https%3A%2F%2Fwww%2Eamazon%2Ejobs%2Fjobs%2F2243955%2Famazon-robotics--hardware-engineer-intern--summer-%3Fcmpid%3DSPLICX0248M%26utm_source%3Dlinkedin%2Ecom%26utm_campaign%3Dcxro%26utm_medium%3Dsocial_media%26utm_content%3Djob_posting%26ss%3Dpaid&urlHash=mN-G&refId=dFxhwoEozM3njLVRjd2vDA%3D%3D&trackingId=OuSegBD1%2F6pFvgx2CGT2Sg%3D%3D&trk=public_jobs_apply-link-offsite,3.43%
Amazon,Amazon Robotics - Embedded Software Intern - Summer 2023 Amazon Robotics Sensor Team,https://www.linkedin.com/jobs/view/externalApply/3281732533?url=https%3A%2F%2Fwww%2Eamazon%2Ejobs%2Fjobs%2F2256322%2Famazon-robotics--embedded-software-intern--summer--amazon-robotics-sensor-team%3Fcmpid%3DSPLICX0248M%26utm_source%3Dlinkedin%2Ecom%26utm_campaign%3Dcxro%26utm_medium%3Dsocial_media%26utm_content%3Djob_posting%26ss%3Dpaid&urlHash=f1oe&refId=dFxhwoEozM3njLVRjd2vDA%3D%3D&trackingId=7k6%2BOQgjLu6tEtGpGq4RXA%3D%3D&trk=public_jobs_apply-link-offsite,10.84%
Amazon,Product Design Engineer Internship Developing Engineers Program – 2023 (US),https://www.linkedin.com/jobs/view/externalApply/3179910331?url=https%3A%2F%2Fwww%2Eamazon%2Ejobs%2Fjobs%2F2141742%2Fproduct-design-engineer-internship-developing-engineers-program---us%3Fcmpid%3DSPLICX0248M%26utm_source%3Dlinkedin%2Ecom%26utm_campaign%3Dcxro%26utm_medium%3Dsocial_media%26utm_content%3Djob_posting%26ss%3Dpaid&urlHash=OXm4&refId=dFxhwoEozM3njLVRjd2vDA%3D%3D&trackingId=fZGz%2FLd4WJ%2F%2BGYD%2BTKW0CA%3D%3D&trk=public_jobs_apply-link-offsite,6.39%
Amazon,User Experience (UX) Designer Internship – 2023,https://www.linkedin.com/jobs/view/externalApply/3179911504?url=https%3A%2F%2Fwww%2Eamazon%2Ejobs%2Fjobs%2F2141735%2Fuser-experience-ux-designer-internship--%3Fcmpid%3DSPLICX0248M%26utm_source%3Dlinkedin%2Ecom%26utm_campaign%3Dcxro%26utm_medium%3Dsocial_media%26utm_content%3Djob_posting%26ss%3Dpaid&urlHash=_M3b&refId=dFxhwoEozM3njLVRjd2vDA%3D%3D&trackingId=Reakd3tjg0wLXHxAszu%2FJQ%3D%3D&trk=public_jobs_apply-link-offsite,6.27%
Amazon,Security Engineer Internship - 2023 (US),https://www.linkedin.com/jobs/view/externalApply/3226483579?url=https%3A%2F%2Fwww%2Eamazon%2Ejobs%2Fjobs%2F2141883%2Fsecurity-engineer-internship---us%3Fcmpid%3DSPLICX0248M%26utm_source%3Dlinkedin%2Ecom%26utm_campaign%3Dcxro%26utm_medium%3Dsocial_media%26utm_content%3Djob_posting%26ss%3Dpaid&urlHash=9gVW&refId=dFxhwoEozM3njLVRjd2vDA%3D%3D&trackingId=PXdM4wykgYJjQQ%2FGoSbBfw%3D%3D&trk=public_jobs_apply-link-offsite,6.39%
Amazon,Hardware Development Engineer Internship Developing Engineers Program – 2023 (US),https://www.linkedin.com/jobs/view/externalApply/3179375266?url=https%3A%2F%2Fwww%2Eamazon%2Ejobs%2Fjobs%2F2141740%2Fhardware-development-engineer-internship-developing-engineers-program---us%3Fcmpid%3DSPLICX0248M%26utm_source%3Dlinkedin%2Ecom%26utm_campaign%3Dcxro%26utm_medium%3Dsocial_media%26utm_content%3Djob_posting%26ss%3Dpaid&urlHash=Rsdi&refId=dFxhwoEozM3njLVRjd2vDA%3D%3D&trackingId=09lHI3amXvMB8KV4zNqlEA%3D%3D&trk=public_jobs_apply-link-offsite,6.16%
Amazon,Applied Scientist Intern - Amazon Robotics - Summer 2023,https://www.linkedin.com/jobs/view/externalApply/3121124592?url=https%3A%2F%2Fwww%2Eamazon%2Ejobs%2Fjobs%2F2103220%2Fapplied-scientist-intern--amazon-robotics--summer-%3Fcmpid%3DSPLICX0248M%26utm_source%3Dlinkedin%2Ecom%26utm_campaign%3Dcxro%26utm_medium%3Dsocial_media%26utm_content%3Djob_posting%26ss%3Dpaid&urlHash=ZHpM&refId=dFxhwoEozM3njLVRjd2vDA%3D%3D&trackingId=PmRIZCRaodc%2FvbWrqi4scg%3D%3D&trk=public_jobs_apply-link-offsite,5.55%
Amazon,Amazon Robotics - Data Scientist (DS) Intern - Summer 2023,https://www.linkedin.com/jobs/view/externalApply/3287563549?url=https%3A%2F%2Fwww%2Eamazon%2Ejobs%2Fjobs%2F2252659%2Famazon-robotics--data-scientist-ds-intern--summer-%3Fcmpid%3DSPLICX0248M%26utm_source%3Dlinkedin%2Ecom%26utm_campaign%3Dcxro%26utm_medium%3Dsocial_media%26utm_content%3Djob_posting%26ss%3Dpaid&urlHash=HsD_&refId=dFxhwoEozM3njLVRjd2vDA%3D%3D&trackingId=LxkSpGQeNlX0jw%2Bq56olxA%3D%3D&trk=public_jobs_apply-link-offsite,9.78%
Amazon,Amazon Robotics - Sensor Electrical Engineer Intern - Summer 2023 Amazon Robotics Sensor Team,https://www.linkedin.com/jobs/view/externalApply/3281727794?url=https%3A%2F%2Fwww%2Eamazon%2Ejobs%2Fjobs%2F2256314%2Famazon-robotics--sensor-electrical-engineer-intern--summer--amazon-robotics-sensor-team%3Fcmpid%3DSPLICX0248M%26utm_source%3Dlinkedin%2Ecom%26utm_campaign%3Dcxro%26utm_medium%3Dsocial_media%26utm_content%3Djob_posting%26ss%3Dpaid&urlHash=mhEQ&refId=dFxhwoEozM3njLVRjd2vDA%3D%3D&trackingId=UbitcMpmIBHF3SWQuIPa%2Bw%3D%3D&trk=public_jobs_apply-link-offsite,10.55%
Amazon,User Experience (UX) Researcher Intern – 2023 (US),https://www.linkedin.com/jobs/view/externalApply/3179912263?url=https%3A%2F%2Fwww%2Eamazon%2Ejobs%2Fjobs%2F2141799%2Fuser-experience-ux-researcher-intern----us%3Fcmpid%3DSPLICX0248M%26utm_source%3Dlinkedin%2Ecom%26utm_campaign%3Dcxro%26utm_medium%3Dsocial_media%26utm_content%3Djob_posting%26ss%3Dpaid&urlHash=Z2Fv&refId=dFxhwoEozM3njLVRjd2vDA%3D%3D&trackingId=Azrd9s8DKKbGoImmwh70Ng%3D%3D&trk=public_jobs_apply-link-offsite,6.39%
Amazon,Industrial Design Engineer Internship – 2023 (US),https://www.linkedin.com/jobs/view/externalApply/3179915210?url=https%3A%2F%2Fwww%2Eamazon%2Ejobs%2Fjobs%2F2141829%2Findustrial-design-engineer-internship---us%3Fcmpid%3DSPLICX0248M%26utm_source%3Dlinkedin%2Ecom%26utm_campaign%3Dcxro%26utm_medium%3Dsocial_media%26utm_content%3Djob_posting%26ss%3Dpaid&urlHash=SQbw&refId=dFxhwoEozM3njLVRjd2vDA%3D%3D&trackingId=Ta99hU9iMxT5a510FjBDmQ%3D%3D&trk=public_jobs_apply-link-offsite,8.09%
Amazon,Product Design Engineer Internship – 2023 (US),https://www.linkedin.com/jobs/view/externalApply/3179914207?url=https%3A%2F%2Fwww%2Eamazon%2Ejobs%2Fjobs%2F2141741%2Fproduct-design-engineer-internship---us%3Fcmpid%3DSPLICX0248M%26utm_source%3Dlinkedin%2Ecom%26utm_campaign%3Dcxro%26utm_medium%3Dsocial_media%26utm_content%3Djob_posting%26ss%3Dpaid&urlHash=31w9&refId=dFxhwoEozM3njLVRjd2vDA%3D%3D&trackingId=WxiUR21bEt87MepQJFKYWw%3D%3D&trk=public_jobs_apply-link-offsite,6.18%
Amazon,Software Development Engineer In Test Internship - 2023 (US),https://www.linkedin.com/jobs/view/externalApply/3287561670?url=https%3A%2F%2Fwww%2Eamazon%2Ejobs%2Fjobs%2F2220337%2Fsoftware-development-engineer-in-test-internship---us%3Fcmpid%3DSPLICX0248M%26utm_source%3Dlinkedin%2Ecom%26utm_campaign%3Dcxro%26utm_medium%3Dsocial_media%26utm_content%3Djob_posting%26ss%3Dpaid&urlHash=wOmG&refId=dFxhwoEozM3njLVRjd2vDA%3D%3D&trackingId=jdVR0wF8uRYk78JltqFGnA%3D%3D&trk=public_jobs_apply-link-offsite,7.66%
Amazon,Hardware Development Engineer Internship – 2023 (US),https://www.linkedin.com/jobs/view/externalApply/3262873628?url=https%3A%2F%2Fwww%2Eamazon%2Ejobs%2Fjobs%2F2141725%2Fhardware-development-engineer-internship---us%3Fcmpid%3DSPLICX0248M%26utm_source%3Dlinkedin%2Ecom%26utm_campaign%3Dcxro%26utm_medium%3Dsocial_media%26utm_content%3Djob_posting%26ss%3Dpaid&urlHash=WU1V&refId=dFxhwoEozM3njLVRjd2vDA%3D%3D&trackingId=XMJ8v%2Fo2cO2mPLuqB%2BQc%2BQ%3D%3D&trk=public_jobs_apply-link-offsite,5.89%
Amazon,Amazon Robotics - Hardware Test Engineer Intern - Summer 2023,https://www.linkedin.com/jobs/view/externalApply/3287561723?url=https%3A%2F%2Fwww%2Eamazon%2Ejobs%2Fjobs%2F2253022%2Famazon-robotics--hardware-test-engineer-intern--summer-%3Fcmpid%3DSPLICX0248M%26utm_source%3Dlinkedin%2Ecom%26utm_campaign%3Dcxro%26utm_medium%3Dsocial_media%26utm_content%3Djob_posting%26ss%3Dpaid&urlHash=wfXs&refId=dFxhwoEozM3njLVRjd2vDA%3D%3D&trackingId=FtzYv0NW9%2FM3ey5B8nWqjQ%3D%3D&trk=public_jobs_apply-link-offsite,8.06%
Amazon,Quality Assurance Engineer Internship – 2023 (US),https://www.linkedin.com/jobs/view/externalApply/3179914188?url=https%3A%2F%2Fwww%2Eamazon%2Ejobs%2Fjobs%2F2141837%2Fquality-assurance-engineer-internship---us%3Fcmpid%3DSPLICX0248M%26utm_source%3Dlinkedin%2Ecom%26utm_campaign%3Dcxro%26utm_medium%3Dsocial_media%26utm_content%3Djob_posting%26ss%3Dpaid&urlHash=0d4k&refId=dFxhwoEozM3njLVRjd2vDA%3D%3D&trackingId=mupPJyXRWxg%2BlJ9HuaFz5w%3D%3D&trk=public_jobs_apply-link-offsite,5.91%
Amazon,2023 Machine Learning Intern - Masters Students Global Engineering Services (GES),https://www.linkedin.com/jobs/view/externalApply/3253550357?url=https%3A%2F%2Fwww%2Eamazon%2Ejobs%2Fjobs%2F2230464%2F-machine-learning-intern--masters-students-global-engineering-services-ges%3Fcmpid%3DSPLICX0248M%26utm_source%3Dlinkedin%2Ecom%26utm_campaign%3Dcxro%26utm_medium%3Dsocial_media%26utm_content%3Djob_posting%26ss%3Dpaid&urlHash=IsB-&refId=dFxhwoEozM3njLVRjd2vDA%3D%3D&trackingId=hIsw6Tz%2FSbmHwt4JmbGYVA%3D%3D&trk=public_jobs_apply-link-offsite,10.33%
Amazon,Application-Specific Integrated Circuit (ASIC) Engineer Internship – 2023 (US),https://www.linkedin.com/jobs/view/externalApply/3179376167?url=https%3A%2F%2Fwww%2Eamazon%2Ejobs%2Fjobs%2F2141738%2Fapplicationspecific-integrated-circuit-asic-engineer-internship---us%3Fcmpid%3DSPLICX0248M%26utm_source%3Dlinkedin%2Ecom%26utm_campaign%3Dcxro%26utm_medium%3Dsocial_media%26utm_content%3Djob_posting%26ss%3Dpaid&urlHash=yG7y&refId=dFxhwoEozM3njLVRjd2vDA%3D%3D&trackingId=2Y5qrzaLZnv5z6qCa47JCw%3D%3D&trk=public_jobs_apply-link-offsite,5.99%
Amazon,2023 Applied Science Internship - Automated Reasoning - United States,https://www.linkedin.com/jobs/view/externalApply/3184415161?url=https%3A%2F%2Fwww%2Eamazon%2Ejobs%2Fjobs%2F2173372%2F-applied-science-internship--automated-reasoning--united-states%3Fcmpid%3DSPLICX0248M%26utm_source%3Dlinkedin%2Ecom%26utm_campaign%3Dcxro%26utm_medium%3Dsocial_media%26utm_content%3Djob_posting%26ss%3Dpaid&urlHash=j6hL&refId=dFxhwoEozM3njLVRjd2vDA%3D%3D&trackingId=haZTdZeNGPnDp%2FSVWga3QQ%3D%3D&trk=public_jobs_apply-link-offsite,8.51%
Amazon,Front-End Engineer Internship – 2023 (US),https://www.linkedin.com/jobs/view/externalApply/3209046770?url=https%3A%2F%2Fwww%2Eamazon%2Ejobs%2Fjobs%2F2141835%2Ffrontend-engineer-internship---us%3Fcmpid%3DSPLICX0248M%26utm_source%3Dlinkedin%2Ecom%26utm_campaign%3Dcxro%26utm_medium%3Dsocial_media%26utm_content%3Djob_posting%26ss%3Dpaid&urlHash=-E7X&refId=U93EhQbICY7OgXeoD8iFzg%3D%3D&trackingId=DGrWlgxU%2BldeRqDqPtfobg%3D%3D&trk=public_jobs_apply-link-offsite,6.43%
Amazon,Amazon Robotics - Hardware Engineer Intern - Summer 2023,https://www.linkedin.com/jobs/view/externalApply/3272642402?url=https%3A%2F%2Fwww%2Eamazon%2Ejobs%2Fjobs%2F2243955%2Famazon-robotics--hardware-engineer-intern--summer-%3Fcmpid%3DSPLICX0248M%26utm_source%3Dlinkedin%2Ecom%26utm_campaign%3Dcxro%26utm_medium%3Dsocial_media%26utm_content%3Djob_posting%26ss%3Dpaid&urlHash=mN-G&refId=U93EhQbICY7OgXeoD8iFzg%3D%3D&trackingId=NmIeXerifsAy8EOLK9%2BaFw%3D%3D&trk=public_jobs_apply-link-offsite,3.43%
Amazon,Hardware Development Engineer Internship Developing Engineers Program – 2023 (US),https://www.linkedin.com/jobs/view/externalApply/3179375266?url=https%3A%2F%2Fwww%2Eamazon%2Ejobs%2Fjobs%2F2141740%2Fhardware-development-engineer-internship-developing-engineers-program---us%3Fcmpid%3DSPLICX0248M%26utm_source%3Dlinkedin%2Ecom%26utm_campaign%3Dcxro%26utm_medium%3Dsocial_media%26utm_content%3Djob_posting%26ss%3Dpaid&urlHash=Rsdi&refId=U93EhQbICY7OgXeoD8iFzg%3D%3D&trackingId=YCz0ckfmWd8JuNVSXjmeBQ%3D%3D&trk=public_jobs_apply-link-offsite,6.16%
Amazon,Quality Assurance Engineer Internship – 2023 (US),https://www.linkedin.com/jobs/view/externalApply/3179914188?url=https%3A%2F%2Fwww%2Eamazon%2Ejobs%2Fjobs%2F2141837%2Fquality-assurance-engineer-internship---us%3Fcmpid%3DSPLICX0248M%26utm_source%3Dlinkedin%2Ecom%26utm_campaign%3Dcxro%26utm_medium%3Dsocial_media%26utm_content%3Djob_posting%26ss%3Dpaid&urlHash=0d4k&refId=U93EhQbICY7OgXeoD8iFzg%3D%3D&trackingId=vzJwJFPcUUUX5TS2u0H%2FzQ%3D%3D&trk=public_jobs_apply-link-offsite,5.91%
Amazon,Amazon Robotics - Embedded Software Intern - Summer 2023 Amazon Robotics Sensor Team,https://www.linkedin.com/jobs/view/externalApply/3281732533?url=https%3A%2F%2Fwww%2Eamazon%2Ejobs%2Fjobs%2F2256322%2Famazon-robotics--embedded-software-intern--summer--amazon-robotics-sensor-team%3Fcmpid%3DSPLICX0248M%26utm_source%3Dlinkedin%2Ecom%26utm_campaign%3Dcxro%26utm_medium%3Dsocial_media%26utm_content%3Djob_posting%26ss%3Dpaid&urlHash=f1oe&refId=U93EhQbICY7OgXeoD8iFzg%3D%3D&trackingId=463oBh2Yf81AzYG8QQnUcg%3D%3D&trk=public_jobs_apply-link-offsite,10.84%
Amazon,Data Engineer Internship – 2023 (US),https://www.linkedin.com/jobs/view/externalApply/3179374214?url=https%3A%2F%2Fwww%2Eamazon%2Ejobs%2Fjobs%2F2141830%2Fdata-engineer-internship---us%3Fcmpid%3DSPLICX0248M%26utm_source%3Dlinkedin%2Ecom%26utm_campaign%3Dcxro%26utm_medium%3Dsocial_media%26utm_content%3Djob_posting%26ss%3Dpaid&urlHash=grfi&refId=U93EhQbICY7OgXeoD8iFzg%3D%3D&trackingId=spPxedMNlrNpDrQUbw1k%2Bg%3D%3D&trk=public_jobs_apply-link-offsite,8.22%
Amazon,Product Design Engineer Internship Developing Engineers Program – 2023 (US),https://www.linkedin.com/jobs/view/externalApply/3179910331?url=https%3A%2F%2Fwww%2Eamazon%2Ejobs%2Fjobs%2F2141742%2Fproduct-design-engineer-internship-developing-engineers-program---us%3Fcmpid%3DSPLICX0248M%26utm_source%3Dlinkedin%2Ecom%26utm_campaign%3Dcxro%26utm_medium%3Dsocial_media%26utm_content%3Djob_posting%26ss%3Dpaid&urlHash=OXm4&refId=U93EhQbICY7OgXeoD8iFzg%3D%3D&trackingId=089ChWdQVj1e7THkKavtNg%3D%3D&trk=public_jobs_apply-link-offsite,6.39%
Amazon,Hardware Development Engineer Internship – 2023 (US),https://www.linkedin.com/jobs/view/externalApply/3262873628?url=https%3A%2F%2Fwww%2Eamazon%2Ejobs%2Fjobs%2F2141725%2Fhardware-development-engineer-internship---us%3Fcmpid%3DSPLICX0248M%26utm_source%3Dlinkedin%2Ecom%26utm_campaign%3Dcxro%26utm_medium%3Dsocial_media%26utm_content%3Djob_posting%26ss%3Dpaid&urlHash=WU1V&refId=U93EhQbICY7OgXeoD8iFzg%3D%3D&trackingId=%2FLKyLBJK6qtOraH3dSAFOA%3D%3D&trk=public_jobs_apply-link-offsite,5.89%
Amazon,Amazon Robotics - Software Development Engineer (SDE) Intern - Summer 2023,https://www.linkedin.com/jobs/view/externalApply/3024193076?url=https%3A%2F%2Fwww%2Eamazon%2Ejobs%2Fjobs%2F1999770%2Famazon-robotics--software-development-engineer-sde-intern--summer-%3Fcmpid%3DSPLICX0248M%26utm_source%3Dlinkedin%2Ecom%26utm_campaign%3Dcxro%26utm_medium%3Dsocial_media%26utm_content%3Djob_posting%26ss%3Dpaid&urlHash=Pji2&refId=U93EhQbICY7OgXeoD8iFzg%3D%3D&trackingId=vvYVphQBUZxlJU1mCFvYkg%3D%3D&trk=public_jobs_apply-link-offsite,7.34%
Amazon,Amazon Robotics - Data Engineer (DE) Intern - Summer 2023,https://www.linkedin.com/jobs/view/externalApply/3284384226?url=https%3A%2F%2Fwww%2Eamazon%2Ejobs%2Fjobs%2F2250893%2Famazon-robotics--data-engineer-de-intern--summer-%3Fcmpid%3DSPLICX0248M%26utm_source%3Dlinkedin%2Ecom%26utm_campaign%3Dcxro%26utm_medium%3Dsocial_media%26utm_content%3Djob_posting%26ss%3Dpaid&urlHash=bNSH&refId=U93EhQbICY7OgXeoD8iFzg%3D%3D&trackingId=Iy43rtHa0R45Rng36w%2B%2FzA%3D%3D&trk=public_jobs_apply-link-offsite,15.53%
Amazon,Security Engineer Internship - 2023 (US),https://www.linkedin.com/jobs/view/externalApply/3226483579?url=https%3A%2F%2Fwww%2Eamazon%2Ejobs%2Fjobs%2F2141883%2Fsecurity-engineer-internship---us%3Fcmpid%3DSPLICX0248M%26utm_source%3Dlinkedin%2Ecom%26utm_campaign%3Dcxro%26utm_medium%3Dsocial_media%26utm_content%3Djob_posting%26ss%3Dpaid&urlHash=9gVW&refId=U93EhQbICY7OgXeoD8iFzg%3D%3D&trackingId=g43yUJp2z1keI5AfL0ujNg%3D%3D&trk=public_jobs_apply-link-offsite,6.39%
Amazon,Amazon Robotics - Sensor Electrical Engineer Intern - Summer 2023 Amazon Robotics Sensor Team,https://www.linkedin.com/jobs/view/externalApply/3281727794?url=https%3A%2F%2Fwww%2Eamazon%2Ejobs%2Fjobs%2F2256314%2Famazon-robotics--sensor-electrical-engineer-intern--summer--amazon-robotics-sensor-team%3Fcmpid%3DSPLICX0248M%26utm_source%3Dlinkedin%2Ecom%26utm_campaign%3Dcxro%26utm_medium%3Dsocial_media%26utm_content%3Djob_posting%26ss%3Dpaid&urlHash=mhEQ&refId=U93EhQbICY7OgXeoD8iFzg%3D%3D&trackingId=Mp%2BBdsNcxx%2F9xiKi38AxWQ%3D%3D&trk=public_jobs_apply-link-offsite,10.55%
Amazon,Application-Specific Integrated Circuit (ASIC) Engineer Internship – 2023 (US),https://www.linkedin.com/jobs/view/externalApply/3179376167?url=https%3A%2F%2Fwww%2Eamazon%2Ejobs%2Fjobs%2F2141738%2Fapplicationspecific-integrated-circuit-asic-engineer-internship---us%3Fcmpid%3DSPLICX0248M%26utm_source%3Dlinkedin%2Ecom%26utm_campaign%3Dcxro%26utm_medium%3Dsocial_media%26utm_content%3Djob_posting%26ss%3Dpaid&urlHash=yG7y&refId=U93EhQbICY7OgXeoD8iFzg%3D%3D&trackingId=Q1EkgNpZ9PfCaovf4hCKEA%3D%3D&trk=public_jobs_apply-link-offsite,5.99%
Amazon,Product Design Engineer Internship – 2023 (US),https://www.linkedin.com/jobs/view/externalApply/3179914207?url=https%3A%2F%2Fwww%2Eamazon%2Ejobs%2Fjobs%2F2141741%2Fproduct-design-engineer-internship---us%3Fcmpid%3DSPLICX0248M%26utm_source%3Dlinkedin%2Ecom%26utm_campaign%3Dcxro%26utm_medium%3Dsocial_media%26utm_content%3Djob_posting%26ss%3Dpaid&urlHash=31w9&refId=U93EhQbICY7OgXeoD8iFzg%3D%3D&trackingId=PF4bWPnir3yGX%2FCXFWPMfg%3D%3D&trk=public_jobs_apply-link-offsite,6.18%
Amazon,Amazon Robotics - Hardware Test Engineer Intern - Summer 2023,https://www.linkedin.com/jobs/view/externalApply/3287561723?url=https%3A%2F%2Fwww%2Eamazon%2Ejobs%2Fjobs%2F2253022%2Famazon-robotics--hardware-test-engineer-intern--summer-%3Fcmpid%3DSPLICX0248M%26utm_source%3Dlinkedin%2Ecom%26utm_campaign%3Dcxro%26utm_medium%3Dsocial_media%26utm_content%3Djob_posting%26ss%3Dpaid&urlHash=wfXs&refId=U93EhQbICY7OgXeoD8iFzg%3D%3D&trackingId=wzxuAqmOkWC0Rudwo1ih4Q%3D%3D&trk=public_jobs_apply-link-offsite,8.06%
Amazon,Business Intelligence Engineer Internship – 2023 (US),https://www.linkedin.com/jobs/view/externalApply/3179373424?url=https%3A%2F%2Fwww%2Eamazon%2Ejobs%2Fjobs%2F2141832%2Fbusiness-intelligence-engineer-internship---us%3Fcmpid%3DSPLICX0248M%26utm_source%3Dlinkedin%2Ecom%26utm_campaign%3Dcxro%26utm_medium%3Dsocial_media%26utm_content%3Djob_posting%26ss%3Dpaid&urlHash=_n_x&refId=U93EhQbICY7OgXeoD8iFzg%3D%3D&trackingId=pwHKGFksBPlndFo%2F%2BBltSA%3D%3D&trk=public_jobs_apply-link-offsite,7.32%
Amazon,Amazon Robotics - Data Scientist (DS) Intern - Summer 2023,https://www.linkedin.com/jobs/view/externalApply/3287563549?url=https%3A%2F%2Fwww%2Eamazon%2Ejobs%2Fjobs%2F2252659%2Famazon-robotics--data-scientist-ds-intern--summer-%3Fcmpid%3DSPLICX0248M%26utm_source%3Dlinkedin%2Ecom%26utm_campaign%3Dcxro%26utm_medium%3Dsocial_media%26utm_content%3Djob_posting%26ss%3Dpaid&urlHash=HsD_&refId=U93EhQbICY7OgXeoD8iFzg%3D%3D&trackingId=7EkOG5X26MXUdz4KmJuzHQ%3D%3D&trk=public_jobs_apply-link-offsite,9.78%
Amazon,Applied Scientist Intern - Amazon Robotics - Summer 2023,https://www.linkedin.com/jobs/view/externalApply/3121124592?url=https%3A%2F%2Fwww%2Eamazon%2Ejobs%2Fjobs%2F2103220%2Fapplied-scientist-intern--amazon-robotics--summer-%3Fcmpid%3DSPLICX0248M%26utm_source%3Dlinkedin%2Ecom%26utm_campaign%3Dcxro%26utm_medium%3Dsocial_media%26utm_content%3Djob_posting%26ss%3Dpaid&urlHash=ZHpM&refId=U93EhQbICY7OgXeoD8iFzg%3D%3D&trackingId=zTXeeSii1JXcL5UwDfpM%2BA%3D%3D&trk=public_jobs_apply-link-offsite,5.55%
Amazon,Amazon Robotics - Data Scientist (DS) Intern - Summer 2023,https://www.linkedin.com/jobs/view/externalApply/3121124592?url=https%3A%2F%2Fwww%2Eamazon%2Ejobs%2Fjobs%2F2103220%2Fapplied-scientist-intern--amazon-robotics--summer-%3Fcmpid%3DSPLICX0248M%26utm_source%3Dlinkedin%2Ecom%26utm_campaign%3Dcxro%26utm_medium%3Dsocial_media%26utm_content%3Djob_posting%26ss%3Dpaid&urlHash=ZHpM&refId=U93EhQbICY7OgXeoD8iFzg%3D%3D&trackingId=zTXeeSii1JXcL5UwDfpM%2BA%3D%3D&trk=public_jobs_apply-link-offsite,0.0%
Amazon,2023 Machine Learning Intern - Masters Students Global Engineering Services (GES),https://www.linkedin.com/jobs/view/externalApply/3253550357?url=https%3A%2F%2Fwww%2Eamazon%2Ejobs%2Fjobs%2F2230464%2F-machine-learning-intern--masters-students-global-engineering-services-ges%3Fcmpid%3DSPLICX0248M%26utm_source%3Dlinkedin%2Ecom%26utm_campaign%3Dcxro%26utm_medium%3Dsocial_media%26utm_content%3Djob_posting%26ss%3Dpaid&urlHash=IsB-&refId=U93EhQbICY7OgXeoD8iFzg%3D%3D&trackingId=kg0awEPKvZy%2B5F5Sy2eI1Q%3D%3D&trk=public_jobs_apply-link-offsite,10.33%
Amazon,Industrial Design Engineer Internship – 2023 (US),https://www.linkedin.com/jobs/view/externalApply/3179915210?url=https%3A%2F%2Fwww%2Eamazon%2Ejobs%2Fjobs%2F2141829%2Findustrial-design-engineer-internship---us%3Fcmpid%3DSPLICX0248M%26utm_source%3Dlinkedin%2Ecom%26utm_campaign%3Dcxro%26utm_medium%3Dsocial_media%26utm_content%3Djob_posting%26ss%3Dpaid&urlHash=SQbw&refId=U93EhQbICY7OgXeoD8iFzg%3D%3D&trackingId=d3GL%2B2qnHJI79jqdbp1lng%3D%3D&trk=public_jobs_apply-link-offsite,8.09%
Amazon,User Experience (UX) Designer Internship – 2023,https://www.linkedin.com/jobs/view/externalApply/3179911504?url=https%3A%2F%2Fwww%2Eamazon%2Ejobs%2Fjobs%2F2141735%2Fuser-experience-ux-designer-internship--%3Fcmpid%3DSPLICX0248M%26utm_source%3Dlinkedin%2Ecom%26utm_campaign%3Dcxro%26utm_medium%3Dsocial_media%26utm_content%3Djob_posting%26ss%3Dpaid&urlHash=_M3b&refId=U93EhQbICY7OgXeoD8iFzg%3D%3D&trackingId=b%2Bgug7nz0ZRk2KvG8TsYtw%3D%3D&trk=public_jobs_apply-link-offsite,6.27%
Amazon,User Experience (UX) Researcher Intern – 2023 (US),https://www.linkedin.com/jobs/view/externalApply/3179912263?url=https%3A%2F%2Fwww%2Eamazon%2Ejobs%2Fjobs%2F2141799%2Fuser-experience-ux-researcher-intern----us%3Fcmpid%3DSPLICX0248M%26utm_source%3Dlinkedin%2Ecom%26utm_campaign%3Dcxro%26utm_medium%3Dsocial_media%26utm_content%3Djob_posting%26ss%3Dpaid&urlHash=Z2Fv&refId=U93EhQbICY7OgXeoD8iFzg%3D%3D&trackingId=ndEyhP5VeJxPmorlRZJJ5Q%3D%3D&trk=public_jobs_apply-link-offsite,6.39%
Amazon,2023 Applied Science Internship - Natural Language Processing and Speech Technologies - United States,https://www.linkedin.com/jobs/view/externalApply/3183080429?url=https%3A%2F%2Fwww%2Eamazon%2Ejobs%2Fjobs%2F2171934%2F-applied-science-internship--natural-language-processing-and-speech-technologies--united-states%3Fcmpid%3DSPLICX0248M%26utm_source%3Dlinkedin%2Ecom%26utm_campaign%3Dcxro%26utm_medium%3Dsocial_media%26utm_content%3Djob_posting%26ss%3Dpaid&urlHash=C0vf&refId=U93EhQbICY7OgXeoD8iFzg%3D%3D&trackingId=6LSNp3VcwFjSauAIO%2Bw91g%3D%3D&trk=public_jobs_apply-link-offsite,8.15%
Amazon,Software Development Engineer In Test Internship - 2023 (US),https://www.linkedin.com/jobs/view/externalApply/3287561670?url=https%3A%2F%2Fwww%2Eamazon%2Ejobs%2Fjobs%2F2220337%2Fsoftware-development-engineer-in-test-internship---us%3Fcmpid%3DSPLICX0248M%26utm_source%3Dlinkedin%2Ecom%26utm_campaign%3Dcxro%26utm_medium%3Dsocial_media%26utm_content%3Djob_posting%26ss%3Dpaid&urlHash=wOmG&refId=x1%2FWK46mbIEAXXKAA5rw%2FQ%3D%3D&trackingId=PTk5bNTzTfmDWlszaRLJNw%3D%3D&trk=public_jobs_apply-link-offsite,7.66%
Amazon,Front-End Engineer Internship – 2023 (US),https://www.linkedin.com/jobs/view/externalApply/3209046770?url=https%3A%2F%2Fwww%2Eamazon%2Ejobs%2Fjobs%2F2141835%2Ffrontend-engineer-internship---us%3Fcmpid%3DSPLICX0248M%26utm_source%3Dlinkedin%2Ecom%26utm_campaign%3Dcxro%26utm_medium%3Dsocial_media%26utm_content%3Djob_posting%26ss%3Dpaid&urlHash=-E7X&refId=x1%2FWK46mbIEAXXKAA5rw%2FQ%3D%3D&trackingId=Pp1IJmuqJZ2fTfgH89U61Q%3D%3D&trk=public_jobs_apply-link-offsite,6.43%
Amazon,Amazon Robotics - Hardware Engineer Intern - Summer 2023,https://www.linkedin.com/jobs/view/externalApply/3209046770?url=https%3A%2F%2Fwww%2Eamazon%2Ejobs%2Fjobs%2F2141835%2Ffrontend-engineer-internship---us%3Fcmpid%3DSPLICX0248M%26utm_source%3Dlinkedin%2Ecom%26utm_campaign%3Dcxro%26utm_medium%3Dsocial_media%26utm_content%3Djob_posting%26ss%3Dpaid&urlHash=-E7X&refId=x1%2FWK46mbIEAXXKAA5rw%2FQ%3D%3D&trackingId=Pp1IJmuqJZ2fTfgH89U61Q%3D%3D&trk=public_jobs_apply-link-offsite,0.0%
Amazon,Hardware Development Engineer Internship Developing Engineers Program – 2023 (US),https://www.linkedin.com/jobs/view/externalApply/3179375266?url=https%3A%2F%2Fwww%2Eamazon%2Ejobs%2Fjobs%2F2141740%2Fhardware-development-engineer-internship-developing-engineers-program---us%3Fcmpid%3DSPLICX0248M%26utm_source%3Dlinkedin%2Ecom%26utm_campaign%3Dcxro%26utm_medium%3Dsocial_media%26utm_content%3Djob_posting%26ss%3Dpaid&urlHash=Rsdi&refId=x1%2FWK46mbIEAXXKAA5rw%2FQ%3D%3D&trackingId=cCsY8fTOOF6kCkGglP2hqA%3D%3D&trk=public_jobs_apply-link-offsite,6.16%
Amazon,Quality Assurance Engineer Internship – 2023 (US),https://www.linkedin.com/jobs/view/externalApply/3179914188?url=https%3A%2F%2Fwww%2Eamazon%2Ejobs%2Fjobs%2F2141837%2Fquality-assurance-engineer-internship---us%3Fcmpid%3DSPLICX0248M%26utm_source%3Dlinkedin%2Ecom%26utm_campaign%3Dcxro%26utm_medium%3Dsocial_media%26utm_content%3Djob_posting%26ss%3Dpaid&urlHash=0d4k&refId=x1%2FWK46mbIEAXXKAA5rw%2FQ%3D%3D&trackingId=dpDb5b85qJq%2BoSO4ASoWJQ%3D%3D&trk=public_jobs_apply-link-offsite,5.91%
Amazon,Data Engineer Internship – 2023 (US),https://www.linkedin.com/jobs/view/externalApply/3179374214?url=https%3A%2F%2Fwww%2Eamazon%2Ejobs%2Fjobs%2F2141830%2Fdata-engineer-internship---us%3Fcmpid%3DSPLICX0248M%26utm_source%3Dlinkedin%2Ecom%26utm_campaign%3Dcxro%26utm_medium%3Dsocial_media%26utm_content%3Djob_posting%26ss%3Dpaid&urlHash=grfi&refId=x1%2FWK46mbIEAXXKAA5rw%2FQ%3D%3D&trackingId=tWyXTsCoX5vsIMgfWkb1%2Bg%3D%3D&trk=public_jobs_apply-link-offsite,8.22%
Amazon,Amazon Robotics - Embedded Software Intern - Summer 2023 Amazon Robotics Sensor Team,https://www.linkedin.com/jobs/view/externalApply/3281732533?url=https%3A%2F%2Fwww%2Eamazon%2Ejobs%2Fjobs%2F2256322%2Famazon-robotics--embedded-software-intern--summer--amazon-robotics-sensor-team%3Fcmpid%3DSPLICX0248M%26utm_source%3Dlinkedin%2Ecom%26utm_campaign%3Dcxro%26utm_medium%3Dsocial_media%26utm_content%3Djob_posting%26ss%3Dpaid&urlHash=f1oe&refId=x1%2FWK46mbIEAXXKAA5rw%2FQ%3D%3D&trackingId=V0iGZXvGYRZBhWGwPsHI5Q%3D%3D&trk=public_jobs_apply-link-offsite,10.84%
Amazon,Product Design Engineer Internship Developing Engineers Program – 2023 (US),https://www.linkedin.com/jobs/view/externalApply/3179910331?url=https%3A%2F%2Fwww%2Eamazon%2Ejobs%2Fjobs%2F2141742%2Fproduct-design-engineer-internship-developing-engineers-program---us%3Fcmpid%3DSPLICX0248M%26utm_source%3Dlinkedin%2Ecom%26utm_campaign%3Dcxro%26utm_medium%3Dsocial_media%26utm_content%3Djob_posting%26ss%3Dpaid&urlHash=OXm4&refId=x1%2FWK46mbIEAXXKAA5rw%2FQ%3D%3D&trackingId=cUPF1HLFwJ0dSNBu%2B%2BslyQ%3D%3D&trk=public_jobs_apply-link-offsite,6.39%
Amazon,Hardware Development Engineer Internship – 2023 (US),https://www.linkedin.com/jobs/view/externalApply/3262873628?url=https%3A%2F%2Fwww%2Eamazon%2Ejobs%2Fjobs%2F2141725%2Fhardware-development-engineer-internship---us%3Fcmpid%3DSPLICX0248M%26utm_source%3Dlinkedin%2Ecom%26utm_campaign%3Dcxro%26utm_medium%3Dsocial_media%26utm_content%3Djob_posting%26ss%3Dpaid&urlHash=WU1V&refId=x1%2FWK46mbIEAXXKAA5rw%2FQ%3D%3D&trackingId=3roDxjf1kGvPxpgxAACpEg%3D%3D&trk=public_jobs_apply-link-offsite,5.89%
Amazon,Amazon Robotics - Software Development Engineer (SDE) Intern - Summer 2023,https://www.linkedin.com/jobs/view/externalApply/3024193076?url=https%3A%2F%2Fwww%2Eamazon%2Ejobs%2Fjobs%2F1999770%2Famazon-robotics--software-development-engineer-sde-intern--summer-%3Fcmpid%3DSPLICX0248M%26utm_source%3Dlinkedin%2Ecom%26utm_campaign%3Dcxro%26utm_medium%3Dsocial_media%26utm_content%3Djob_posting%26ss%3Dpaid&urlHash=Pji2&refId=x1%2FWK46mbIEAXXKAA5rw%2FQ%3D%3D&trackingId=oId8vNLJFk5s98zKPiGUsw%3D%3D&trk=public_jobs_apply-link-offsite,7.34%
Amazon,Amazon Robotics - Data Engineer (DE) Intern - Summer 2023,https://www.linkedin.com/jobs/view/externalApply/3284384226?url=https%3A%2F%2Fwww%2Eamazon%2Ejobs%2Fjobs%2F2250893%2Famazon-robotics--data-engineer-de-intern--summer-%3Fcmpid%3DSPLICX0248M%26utm_source%3Dlinkedin%2Ecom%26utm_campaign%3Dcxro%26utm_medium%3Dsocial_media%26utm_content%3Djob_posting%26ss%3Dpaid&urlHash=bNSH&refId=x1%2FWK46mbIEAXXKAA5rw%2FQ%3D%3D&trackingId=%2FxQv%2BkV1F1Y97R7nFI2e8g%3D%3D&trk=public_jobs_apply-link-offsite,15.53%
Amazon,Security Engineer Internship - 2023 (US),https://www.linkedin.com/jobs/view/externalApply/3226483579?url=https%3A%2F%2Fwww%2Eamazon%2Ejobs%2Fjobs%2F2141883%2Fsecurity-engineer-internship---us%3Fcmpid%3DSPLICX0248M%26utm_source%3Dlinkedin%2Ecom%26utm_campaign%3Dcxro%26utm_medium%3Dsocial_media%26utm_content%3Djob_posting%26ss%3Dpaid&urlHash=9gVW&refId=x1%2FWK46mbIEAXXKAA5rw%2FQ%3D%3D&trackingId=%2BNSr8OhZjzkKZRzHULiLgw%3D%3D&trk=public_jobs_apply-link-offsite,6.39%
Amazon,Amazon Robotics - Sensor Electrical Engineer Intern - Summer 2023 Amazon Robotics Sensor Team,https://www.linkedin.com/jobs/view/externalApply/3281727794?url=https%3A%2F%2Fwww%2Eamazon%2Ejobs%2Fjobs%2F2256314%2Famazon-robotics--sensor-electrical-engineer-intern--summer--amazon-robotics-sensor-team%3Fcmpid%3DSPLICX0248M%26utm_source%3Dlinkedin%2Ecom%26utm_campaign%3Dcxro%26utm_medium%3Dsocial_media%26utm_content%3Djob_posting%26ss%3Dpaid&urlHash=mhEQ&refId=x1%2FWK46mbIEAXXKAA5rw%2FQ%3D%3D&trackingId=Ib%2B1y2B0uVUNdHdhqOOuig%3D%3D&trk=public_jobs_apply-link-offsite,10.55%
Amazon,Application-Specific Integrated Circuit (ASIC) Engineer Internship – 2023 (US),https://www.linkedin.com/jobs/view/externalApply/3179376167?url=https%3A%2F%2Fwww%2Eamazon%2Ejobs%2Fjobs%2F2141738%2Fapplicationspecific-integrated-circuit-asic-engineer-internship---us%3Fcmpid%3DSPLICX0248M%26utm_source%3Dlinkedin%2Ecom%26utm_campaign%3Dcxro%26utm_medium%3Dsocial_media%26utm_content%3Djob_posting%26ss%3Dpaid&urlHash=yG7y&refId=x1%2FWK46mbIEAXXKAA5rw%2FQ%3D%3D&trackingId=haEsJRAwS8gDdKpgktGWuw%3D%3D&trk=public_jobs_apply-link-offsite,5.99%
Amazon,Business Intelligence Engineer Internship – 2023 (US),https://www.linkedin.com/jobs/view/externalApply/3179373424?url=https%3A%2F%2Fwww%2Eamazon%2Ejobs%2Fjobs%2F2141832%2Fbusiness-intelligence-engineer-internship---us%3Fcmpid%3DSPLICX0248M%26utm_source%3Dlinkedin%2Ecom%26utm_campaign%3Dcxro%26utm_medium%3Dsocial_media%26utm_content%3Djob_posting%26ss%3Dpaid&urlHash=_n_x&refId=x1%2FWK46mbIEAXXKAA5rw%2FQ%3D%3D&trackingId=VY14CqbbpbKqNPTnryMNtQ%3D%3D&trk=public_jobs_apply-link-offsite,7.32%
Amazon,Applied Scientist Intern - Amazon Robotics - Summer 2023,https://www.linkedin.com/jobs/view/externalApply/3121124592?url=https%3A%2F%2Fwww%2Eamazon%2Ejobs%2Fjobs%2F2103220%2Fapplied-scientist-intern--amazon-robotics--summer-%3Fcmpid%3DSPLICX0248M%26utm_source%3Dlinkedin%2Ecom%26utm_campaign%3Dcxro%26utm_medium%3Dsocial_media%26utm_content%3Djob_posting%26ss%3Dpaid&urlHash=ZHpM&refId=x1%2FWK46mbIEAXXKAA5rw%2FQ%3D%3D&trackingId=Ky4zBXdxB4PYcuZYdhY0Ww%3D%3D&trk=public_jobs_apply-link-offsite,5.55%
Amazon,Amazon Robotics - Data Scientist (DS) Intern - Summer 2023,https://www.linkedin.com/jobs/view/externalApply/3287563549?url=https%3A%2F%2Fwww%2Eamazon%2Ejobs%2Fjobs%2F2252659%2Famazon-robotics--data-scientist-ds-intern--summer-%3Fcmpid%3DSPLICX0248M%26utm_source%3Dlinkedin%2Ecom%26utm_campaign%3Dcxro%26utm_medium%3Dsocial_media%26utm_content%3Djob_posting%26ss%3Dpaid&urlHash=HsD_&refId=x1%2FWK46mbIEAXXKAA5rw%2FQ%3D%3D&trackingId=2VAmcnE9Ylf%2F20neYip10A%3D%3D&trk=public_jobs_apply-link-offsite,9.78%
Amazon,Amazon Robotics - Hardware Test Engineer Intern - Summer 2023,https://www.linkedin.com/jobs/view/externalApply/3287561723?url=https%3A%2F%2Fwww%2Eamazon%2Ejobs%2Fjobs%2F2253022%2Famazon-robotics--hardware-test-engineer-intern--summer-%3Fcmpid%3DSPLICX0248M%26utm_source%3Dlinkedin%2Ecom%26utm_campaign%3Dcxro%26utm_medium%3Dsocial_media%26utm_content%3Djob_posting%26ss%3Dpaid&urlHash=wfXs&refId=x1%2FWK46mbIEAXXKAA5rw%2FQ%3D%3D&trackingId=gSxPAvxDqlrPct6pqFmtBg%3D%3D&trk=public_jobs_apply-link-offsite,8.06%
Amazon,Amazon Robotics - Data Scientist (DS) Intern - Summer 2023,https://www.linkedin.com/jobs/view/externalApply/3281940676?url=https%3A%2F%2Fwww%2Eamazon%2Ejobs%2Fjobs%2F2249554%2Famazon-robotics--data-scientist-ds-intern--summer-%3Fcmpid%3DSPLICX0248M%26utm_source%3Dlinkedin%2Ecom%26utm_campaign%3Dcxro%26utm_medium%3Dsocial_media%26utm_content%3Djob_posting%26ss%3Dpaid&urlHash=O_tM&refId=x1%2FWK46mbIEAXXKAA5rw%2FQ%3D%3D&trackingId=486p25x6H5eHB5E0KbKWgA%3D%3D&trk=public_jobs_apply-link-offsite,9.78%
Amazon,2023 Machine Learning Intern - Masters Students Global Engineering Services (GES),https://www.linkedin.com/jobs/view/externalApply/3253550357?url=https%3A%2F%2Fwww%2Eamazon%2Ejobs%2Fjobs%2F2230464%2F-machine-learning-intern--masters-students-global-engineering-services-ges%3Fcmpid%3DSPLICX0248M%26utm_source%3Dlinkedin%2Ecom%26utm_campaign%3Dcxro%26utm_medium%3Dsocial_media%26utm_content%3Djob_posting%26ss%3Dpaid&urlHash=IsB-&refId=x1%2FWK46mbIEAXXKAA5rw%2FQ%3D%3D&trackingId=tvFXyz8On85XwJjmxKL9dA%3D%3D&trk=public_jobs_apply-link-offsite,10.33%
Amazon,Industrial Design Engineer Internship – 2023 (US),https://www.linkedin.com/jobs/view/externalApply/3179915210?url=https%3A%2F%2Fwww%2Eamazon%2Ejobs%2Fjobs%2F2141829%2Findustrial-design-engineer-internship---us%3Fcmpid%3DSPLICX0248M%26utm_source%3Dlinkedin%2Ecom%26utm_campaign%3Dcxro%26utm_medium%3Dsocial_media%26utm_content%3Djob_posting%26ss%3Dpaid&urlHash=SQbw&refId=x1%2FWK46mbIEAXXKAA5rw%2FQ%3D%3D&trackingId=YxuaSt6jqwvIpFK3CB%2BOGA%3D%3D&trk=public_jobs_apply-link-offsite,8.09%
Amazon,User Experience (UX) Designer Internship – 2023,https://www.linkedin.com/jobs/view/externalApply/3179911504?url=https%3A%2F%2Fwww%2Eamazon%2Ejobs%2Fjobs%2F2141735%2Fuser-experience-ux-designer-internship--%3Fcmpid%3DSPLICX0248M%26utm_source%3Dlinkedin%2Ecom%26utm_campaign%3Dcxro%26utm_medium%3Dsocial_media%26utm_content%3Djob_posting%26ss%3Dpaid&urlHash=_M3b&refId=x1%2FWK46mbIEAXXKAA5rw%2FQ%3D%3D&trackingId=IJZR2zGJJ7A37mqEbTG7Yg%3D%3D&trk=public_jobs_apply-link-offsite,6.27%
Amazon,2023 Applied Science Internship - Natural Language Processing and Speech Technologies - United States,https://www.linkedin.com/jobs/view/externalApply/3183080429?url=https%3A%2F%2Fwww%2Eamazon%2Ejobs%2Fjobs%2F2171934%2F-applied-science-internship--natural-language-processing-and-speech-technologies--united-states%3Fcmpid%3DSPLICX0248M%26utm_source%3Dlinkedin%2Ecom%26utm_campaign%3Dcxro%26utm_medium%3Dsocial_media%26utm_content%3Djob_posting%26ss%3Dpaid&urlHash=C0vf&refId=x1%2FWK46mbIEAXXKAA5rw%2FQ%3D%3D&trackingId=5q%2B8MB0pLmRMX21te3GGzA%3D%3D&trk=public_jobs_apply-link-offsite,8.15%
Amazon,User Experience (UX) Researcher Intern – 2023 (US),https://www.linkedin.com/jobs/view/externalApply/3179912263?url=https%3A%2F%2Fwww%2Eamazon%2Ejobs%2Fjobs%2F2141799%2Fuser-experience-ux-researcher-intern----us%3Fcmpid%3DSPLICX0248M%26utm_source%3Dlinkedin%2Ecom%26utm_campaign%3Dcxro%26utm_medium%3Dsocial_media%26utm_content%3Djob_posting%26ss%3Dpaid&urlHash=Z2Fv&refId=x1%2FWK46mbIEAXXKAA5rw%2FQ%3D%3D&trackingId=UjtGJiVbtGSJx6Od2dXm5w%3D%3D&trk=public_jobs_apply-link-offsite,6.39%
Amazon,2023 Applied Science Internship - Automated Reasoning - United States,https://www.linkedin.com/jobs/view/externalApply/3184416111?url=https%3A%2F%2Fwww%2Eamazon%2Ejobs%2Fjobs%2F2173429%2F-applied-science-internship--automated-reasoning--united-states%3Fcmpid%3DSPLICX0248M%26utm_source%3Dlinkedin%2Ecom%26utm_campaign%3Dcxro%26utm_medium%3Dsocial_media%26utm_content%3Djob_posting%26ss%3Dpaid&urlHash=FeSw&refId=x1%2FWK46mbIEAXXKAA5rw%2FQ%3D%3D&trackingId=6XBo0ATJoq6H%2BXgX%2BXHYOA%3D%3D&trk=public_jobs_apply-link-offsite,8.51%
Amazon,Software Development Engineer In Test Internship - 2023 (US),https://www.linkedin.com/jobs/view/externalApply/3287561670?url=https%3A%2F%2Fwww%2Eamazon%2Ejobs%2Fjobs%2F2220337%2Fsoftware-development-engineer-in-test-internship---us%3Fcmpid%3DSPLICX0248M%26utm_source%3Dlinkedin%2Ecom%26utm_campaign%3Dcxro%26utm_medium%3Dsocial_media%26utm_content%3Djob_posting%26ss%3Dpaid&urlHash=wOmG&refId=owy0pXiKoKjXY1%2BHB1mD2g%3D%3D&trackingId=6p6pw28qPQcbgQEQB9tSWg%3D%3D&trk=public_jobs_apply-link-offsite,7.66%
Amazon,Amazon Robotics - Data Engineer (DE) Intern - Summer 2023,https://www.linkedin.com/jobs/view/externalApply/3284384226?url=https%3A%2F%2Fwww%2Eamazon%2Ejobs%2Fjobs%2F2250893%2Famazon-robotics--data-engineer-de-intern--summer-%3Fcmpid%3DSPLICX0248M%26utm_source%3Dlinkedin%2Ecom%26utm_campaign%3Dcxro%26utm_medium%3Dsocial_media%26utm_content%3Djob_posting%26ss%3Dpaid&urlHash=bNSH&refId=owy0pXiKoKjXY1%2BHB1mD2g%3D%3D&trackingId=oji%2BYOWJES1XUaA51Kk%2FvQ%3D%3D&trk=public_jobs_apply-link-offsite,15.53%
Amazon,Amazon Robotics - Software Development Engineer (SDE) Intern - Summer 2023,https://www.linkedin.com/jobs/view/externalApply/3024193076?url=https%3A%2F%2Fwww%2Eamazon%2Ejobs%2Fjobs%2F1999770%2Famazon-robotics--software-development-engineer-sde-intern--summer-%3Fcmpid%3DSPLICX0248M%26utm_source%3Dlinkedin%2Ecom%26utm_campaign%3Dcxro%26utm_medium%3Dsocial_media%26utm_content%3Djob_posting%26ss%3Dpaid&urlHash=Pji2&refId=owy0pXiKoKjXY1%2BHB1mD2g%3D%3D&trackingId=zg7%2FJdfd3lI96LpLfS77LA%3D%3D&trk=public_jobs_apply-link-offsite,7.34%
Amazon,User Experience (UX) Researcher Intern – 2023 (US),https://www.linkedin.com/jobs/view/externalApply/3024193076?url=https%3A%2F%2Fwww%2Eamazon%2Ejobs%2Fjobs%2F1999770%2Famazon-robotics--software-development-engineer-sde-intern--summer-%3Fcmpid%3DSPLICX0248M%26utm_source%3Dlinkedin%2Ecom%26utm_campaign%3Dcxro%26utm_medium%3Dsocial_media%26utm_content%3Djob_posting%26ss%3Dpaid&urlHash=Pji2&refId=owy0pXiKoKjXY1%2BHB1mD2g%3D%3D&trackingId=zg7%2FJdfd3lI96LpLfS77LA%3D%3D&trk=public_jobs_apply-link-offsite,0.0%
Amazon,Quality Assurance Engineer Internship – 2023 (US),https://www.linkedin.com/jobs/view/externalApply/3179914188?url=https%3A%2F%2Fwww%2Eamazon%2Ejobs%2Fjobs%2F2141837%2Fquality-assurance-engineer-internship---us%3Fcmpid%3DSPLICX0248M%26utm_source%3Dlinkedin%2Ecom%26utm_campaign%3Dcxro%26utm_medium%3Dsocial_media%26utm_content%3Djob_posting%26ss%3Dpaid&urlHash=0d4k&refId=owy0pXiKoKjXY1%2BHB1mD2g%3D%3D&trackingId=Vvc%2BTU8dnj06KOUCTzL0fg%3D%3D&trk=public_jobs_apply-link-offsite,5.91%
Amazon,Amazon Robotics - Embedded Software Intern - Summer 2023 Amazon Robotics Sensor Team,https://www.linkedin.com/jobs/view/externalApply/3281732533?url=https%3A%2F%2Fwww%2Eamazon%2Ejobs%2Fjobs%2F2256322%2Famazon-robotics--embedded-software-intern--summer--amazon-robotics-sensor-team%3Fcmpid%3DSPLICX0248M%26utm_source%3Dlinkedin%2Ecom%26utm_campaign%3Dcxro%26utm_medium%3Dsocial_media%26utm_content%3Djob_posting%26ss%3Dpaid&urlHash=f1oe&refId=owy0pXiKoKjXY1%2BHB1mD2g%3D%3D&trackingId=4auTmRK261zk5gKCBQhEyw%3D%3D&trk=public_jobs_apply-link-offsite,10.84%
Amazon,2023 Machine Learning Intern - Masters Students Global Engineering Services (GES),https://www.linkedin.com/jobs/view/externalApply/3253550357?url=https%3A%2F%2Fwww%2Eamazon%2Ejobs%2Fjobs%2F2230464%2F-machine-learning-intern--masters-students-global-engineering-services-ges%3Fcmpid%3DSPLICX0248M%26utm_source%3Dlinkedin%2Ecom%26utm_campaign%3Dcxro%26utm_medium%3Dsocial_media%26utm_content%3Djob_posting%26ss%3Dpaid&urlHash=IsB-&refId=owy0pXiKoKjXY1%2BHB1mD2g%3D%3D&trackingId=sWqNCaB5ciFjCAbf%2FM8zFQ%3D%3D&trk=public_jobs_apply-link-offsite,10.33%
Amazon,Application-Specific Integrated Circuit (ASIC) Engineer Internship – 2023 (US),https://www.linkedin.com/jobs/view/externalApply/3179376167?url=https%3A%2F%2Fwww%2Eamazon%2Ejobs%2Fjobs%2F2141738%2Fapplicationspecific-integrated-circuit-asic-engineer-internship---us%3Fcmpid%3DSPLICX0248M%26utm_source%3Dlinkedin%2Ecom%26utm_campaign%3Dcxro%26utm_medium%3Dsocial_media%26utm_content%3Djob_posting%26ss%3Dpaid&urlHash=yG7y&refId=owy0pXiKoKjXY1%2BHB1mD2g%3D%3D&trackingId=XnBFzWWke4XHsvjfWF0E%2FQ%3D%3D&trk=public_jobs_apply-link-offsite,5.99%
Intuit,Software Engineer Intern,https://www.linkedin.com/jobs/view/externalApply/3199638364?url=https%3A%2F%2Fdsp%2Eprng%2Eco%2FycCfkDb&urlHash=4wth&refId=qRyakIS%2FWD49yEldlUkndQ%3D%3D&trackingId=4kJM5SU0gjxmKBsgqvmi8w%3D%3D&trk=public_jobs_apply-link-offsite,5.19%
Intuit,Software Engineer Intern (Remote),https://www.linkedin.com/jobs/view/externalApply/3262714530?url=https%3A%2F%2Fad%2Edoubleclick%2Enet%2Fddm%2Fclk%2F438866373%3B270344049%3Bq%3Fhttps%3A%2F%2Fcareers%2Ehomedepot%2Ecom%2Fjob%2F16574202%2Fsoftware-engineer-intern-remote-atlanta-ga%2F%3Futm_source%3Dlinkedin%2Ecom%26utm_campaign%3Dcorporate%26utm_medium%3Dsocial_media%26utm_content%3Djob_posting%26utm_term%3Dta_-jobwrap%2Fslots%26ss%3Dpaid&urlHash=1hq5&refId=qRyakIS%2FWD49yEldlUkndQ%3D%3D&trackingId=lgSY%2F1yQpZB4dDSqJ2Tr2A%3D%3D&trk=public_jobs_apply-link-offsite,9.78%
Intuit,Software Engineering Internship,https://www.linkedin.com/jobs/view/externalApply/3267322954?url=https%3A%2F%2Fwww%2Elockheedmartinjobs%2Ecom%2Fjob%2F-%2F-%2F694%2F36296050224&urlHash=dUYN&refId=qRyakIS%2FWD49yEldlUkndQ%3D%3D&trackingId=h6M7oKtfW0doe8zIXoCxSg%3D%3D&trk=public_jobs_apply-link-offsite,6.18%
Intuit,Software Engineering Internship,https://www.linkedin.com/jobs/view/externalApply/3267325464?url=https%3A%2F%2Fwww%2Elockheedmartinjobs%2Ecom%2Fjob%2F-%2F-%2F694%2F36296050176&urlHash=9ze-&refId=qRyakIS%2FWD49yEldlUkndQ%3D%3D&trackingId=y%2BqDV0j2rWo8hfcXw1yEJQ%3D%3D&trk=public_jobs_apply-link-offsite,6.18%
Intel Corporation,Software Application Intern,https://www.linkedin.com/jobs/view/externalApply/3289563302?url=https%3A%2F%2Fjobs%2Eintel%2Ecom%2Fjob%2F-%2F-%2F599%2F36995115232&urlHash=oys9&refId=kSJBJdYQpSTRorOPjZYY0g%3D%3D&trackingId=gsFVNR3JGtMHlGb%2B0PXSww%3D%3D&trk=public_jobs_apply-link-offsite,8.05%
Intel Corporation,Information Security Data Analyst/Engineer - Intern,https://www.linkedin.com/jobs/view/externalApply/3289563302?url=https%3A%2F%2Fjobs%2Eintel%2Ecom%2Fjob%2F-%2F-%2F599%2F36995115232&urlHash=oys9&refId=kSJBJdYQpSTRorOPjZYY0g%3D%3D&trackingId=gsFVNR3JGtMHlGb%2B0PXSww%3D%3D&trk=public_jobs_apply-link-offsite,0.0%
Intel Corporation,Cloud Software Development Engineer - Graduate internship,https://www.linkedin.com/jobs/view/externalApply/3254070664?url=https%3A%2F%2Fjobs%2Eintel%2Ecom%2Fjob%2F-%2F-%2F599%2F34604740544&urlHash=gyr8&refId=kSJBJdYQpSTRorOPjZYY0g%3D%3D&trackingId=4H59dfm%2BsmaQGeUtt3wC0g%3D%3D&trk=public_jobs_apply-link-offsite,7.04%
Intel Corporation,Research Scientist Intern,https://www.linkedin.com/jobs/view/externalApply/3254072237?url=https%3A%2F%2Fjobs%2Eintel%2Ecom%2Fjob%2F-%2F-%2F599%2F34063305488&urlHash=Z1Qm&refId=kSJBJdYQpSTRorOPjZYY0g%3D%3D&trackingId=TqfHzFig5JlbY3LPqWAIQg%3D%3D&trk=public_jobs_apply-link-offsite,12.69%
Intel Corporation,AI Solutions Engineer Intern,https://www.linkedin.com/jobs/view/externalApply/3254067837?url=https%3A%2F%2Fjobs%2Eintel%2Ecom%2Fjob%2F-%2F-%2F599%2F34063316080&urlHash=Wh37&refId=kSJBJdYQpSTRorOPjZYY0g%3D%3D&trackingId=tpH1%2FsYIN3Jh30kZ6YJlqQ%3D%3D&trk=public_jobs_apply-link-offsite,9.05%
Intel Corporation,Hardware/Software Engineer - Graduate Intern,https://www.linkedin.com/jobs/view/externalApply/3254073232?url=https%3A%2F%2Fjobs%2Eintel%2Ecom%2Fjob%2F-%2F-%2F599%2F34505485696&urlHash=KqeX&refId=kSJBJdYQpSTRorOPjZYY0g%3D%3D&trackingId=RvzKLSROztUXkP5Rhdh0ow%3D%3D&trk=public_jobs_apply-link-offsite,6.37%
Intel Corporation,Software Engineer - PEY Intern,https://www.linkedin.com/jobs/view/externalApply/3281625540?url=https%3A%2F%2Fjobs%2Eintel%2Ecom%2Fjob%2F-%2F-%2F599%2F36648953936&urlHash=KeGM&refId=kSJBJdYQpSTRorOPjZYY0g%3D%3D&trackingId=sxtPcnZk9Y2S0KU3XOvIkg%3D%3D&trk=public_jobs_apply-link-offsite,6.41%
Intel Corporation,Application Engineer Intern,https://www.linkedin.com/jobs/view/externalApply/3259909773?url=https%3A%2F%2Fjobs%2Eintel%2Ecom%2Fjob%2F-%2F-%2F599%2F35879745840&urlHash=wno7&refId=kSJBJdYQpSTRorOPjZYY0g%3D%3D&trackingId=4XvPYhC8geyKCvzeTNv%2FSg%3D%3D&trk=public_jobs_apply-link-offsite,9.86%
Intel Corporation,SMG Data Scientist Graduate Intern,https://www.linkedin.com/jobs/view/externalApply/3284946841?url=https%3A%2F%2Fjobs%2Eintel%2Ecom%2Fjob%2F-%2F-%2F599%2F36775921024&urlHash=6Fp-&refId=kSJBJdYQpSTRorOPjZYY0g%3D%3D&trackingId=GXzZbbgn5EWHD8fbUjPrzg%3D%3D&trk=public_jobs_apply-link-offsite,7.57%
Intel Corporation,Software Engineering (SK) - Intern,https://www.linkedin.com/jobs/view/externalApply/3257357586?url=https%3A%2F%2Fjobs%2Eintel%2Ecom%2Fjob%2F-%2F-%2F599%2F35754946816&urlHash=EDpc&refId=kSJBJdYQpSTRorOPjZYY0g%3D%3D&trackingId=%2FNVeQLilBHv00tvMI3%2F0hA%3D%3D&trk=public_jobs_apply-link-offsite,8.27%
Intel Corporation,Information Security Engineer - Intern,https://www.linkedin.com/jobs/view/externalApply/3281626509?url=https%3A%2F%2Fjobs%2Eintel%2Ecom%2Fjob%2F-%2F-%2F599%2F36657010752&urlHash=UEKm&refId=kSJBJdYQpSTRorOPjZYY0g%3D%3D&trackingId=HIMit6HhH4ttF3rU5SYXlQ%3D%3D&trk=public_jobs_apply-link-offsite,8.74%
Intel Corporation,Graduate Internship - OS Software Engineer,https://www.linkedin.com/jobs/view/externalApply/3254076038?url=https%3A%2F%2Fjobs%2Eintel%2Ecom%2Fjob%2F-%2F-%2F599%2F35409208208&urlHash=X_9V&refId=kSJBJdYQpSTRorOPjZYY0g%3D%3D&trackingId=vE4NJyGf4TTukqzeihsKOw%3D%3D&trk=public_jobs_apply-link-offsite,9.01%
Intel Corporation,Undergraduate Internship - Computer Science (Bachelors),https://www.linkedin.com/jobs/view/externalApply/3254071801?url=https%3A%2F%2Fjobs%2Eintel%2Ecom%2Fjob%2F-%2F-%2F599%2F35292771200&urlHash=oqZY&refId=kSJBJdYQpSTRorOPjZYY0g%3D%3D&trackingId=5iX3qZQ91rFR2Q8Loeb4Qw%3D%3D&trk=public_jobs_apply-link-offsite,10.25%
Intel Corporation,Graduate Technical Intern Cloud (Fall 2022),https://www.linkedin.com/jobs/view/externalApply/3254071801?url=https%3A%2F%2Fjobs%2Eintel%2Ecom%2Fjob%2F-%2F-%2F599%2F35292771200&urlHash=oqZY&refId=kSJBJdYQpSTRorOPjZYY0g%3D%3D&trackingId=5iX3qZQ91rFR2Q8Loeb4Qw%3D%3D&trk=public_jobs_apply-link-offsite,0.0%
Intel Corporation,Graduate Intern - Firmware,https://www.linkedin.com/jobs/view/externalApply/3254069681?url=https%3A%2F%2Fjobs%2Eintel%2Ecom%2Fjob%2F-%2F-%2F599%2F34063312816&urlHash=NefB&refId=kSJBJdYQpSTRorOPjZYY0g%3D%3D&trackingId=in4RD8Bgoz7L1SnoMtEP3A%3D%3D&trk=public_jobs_apply-link-offsite,8.15%
Intel Corporation,Automation Engineer Graduate Intern,https://www.linkedin.com/jobs/view/externalApply/3289565271?url=https%3A%2F%2Fjobs%2Eintel%2Ecom%2Fjob%2F-%2F-%2F599%2F36995118208&urlHash=6yvp&refId=kSJBJdYQpSTRorOPjZYY0g%3D%3D&trackingId=oIv8%2BYtSiMx88uetkK%2BgsA%3D%3D&trk=public_jobs_apply-link-offsite,10.14%
Intel Corporation,Software Engineering Graduate Intern (ATL),https://www.linkedin.com/jobs/view/externalApply/3289565271?url=https%3A%2F%2Fjobs%2Eintel%2Ecom%2Fjob%2F-%2F-%2F599%2F36995118208&urlHash=6yvp&refId=kSJBJdYQpSTRorOPjZYY0g%3D%3D&trackingId=oIv8%2BYtSiMx88uetkK%2BgsA%3D%3D&trk=public_jobs_apply-link-offsite,0.0%
Intel Corporation,Automation Engineer Graduate Intern,https://www.linkedin.com/jobs/view/externalApply/3291309213?url=https%3A%2F%2Fjobs%2Eintel%2Ecom%2Fjob%2F-%2F-%2F599%2F37061891104&urlHash=TsFz&refId=kSJBJdYQpSTRorOPjZYY0g%3D%3D&trackingId=Yevx0Y6nu0HdhK741DPNcw%3D%3D&trk=public_jobs_apply-link-offsite,10.28%
Intel Corporation,Graduate Internship - Graphics Software Engineer,https://www.linkedin.com/jobs/view/externalApply/3254068830?url=https%3A%2F%2Fjobs%2Eintel%2Ecom%2Fjob%2F-%2F-%2F599%2F34604754112&urlHash=t5iX&refId=kSJBJdYQpSTRorOPjZYY0g%3D%3D&trackingId=xNy4Sy52xDOfWULLWpduXg%3D%3D&trk=public_jobs_apply-link-offsite,7.43%
Intel Corporation,Graduate Internship - Computer Science (MS/PHD),https://www.linkedin.com/jobs/view/externalApply/3254076032?url=https%3A%2F%2Fjobs%2Eintel%2Ecom%2Fjob%2F-%2F-%2F599%2F35292771120&urlHash=f3Q7&refId=kSJBJdYQpSTRorOPjZYY0g%3D%3D&trackingId=FdmFfTNRuAVbLJ1Cn6THXQ%3D%3D&trk=public_jobs_apply-link-offsite,10.01%
Intel Corporation,Facilities Mechanical Engineer Intern,https://www.linkedin.com/jobs/view/externalApply/3277740606?url=https%3A%2F%2Fjobs%2Eintel%2Ecom%2Fjob%2F-%2F-%2F599%2F36932719616&urlHash=scYD&refId=kSJBJdYQpSTRorOPjZYY0g%3D%3D&trackingId=7jyRJ%2BHH0wQqQFXUnh0dMQ%3D%3D&trk=public_jobs_apply-link-offsite,9.62%
Intel Corporation,AI Frameworks Intern Engineer,https://www.linkedin.com/jobs/view/externalApply/3254071578?url=https%3A%2F%2Fjobs%2Eintel%2Ecom%2Fjob%2F-%2F-%2F599%2F34604680832&urlHash=mSlP&refId=kSJBJdYQpSTRorOPjZYY0g%3D%3D&trackingId=nB6R5Ku%2F3BaNiscT3AdXtA%3D%3D&trk=public_jobs_apply-link-offsite,8.76%
Intel Corporation,Graduate Intern -Silicon Architecture Engineer/Data Center CPU Power Architect,https://www.linkedin.com/jobs/view/externalApply/3277739791?url=https%3A%2F%2Fjobs%2Eintel%2Ecom%2Fjob%2F-%2F-%2F599%2F36950612336&urlHash=VrUo&refId=kSJBJdYQpSTRorOPjZYY0g%3D%3D&trackingId=RD1BBeROaeLmA2SYtFTbYA%3D%3D&trk=public_jobs_apply-link-offsite,7.81%
Intel Corporation,Graduate Intern NAND Product Development Engineer(SK),https://www.linkedin.com/jobs/view/externalApply/3254069943?url=https%3A%2F%2Fjobs%2Eintel%2Ecom%2Fjob%2F-%2F-%2F599%2F34639441984&urlHash=LHxx&refId=kSJBJdYQpSTRorOPjZYY0g%3D%3D&trackingId=k7MXBeb1%2FBcWKStWJpwXmA%3D%3D&trk=public_jobs_apply-link-offsite,9.45%
Intel Corporation,FPGA Software Engineering Intern,https://www.linkedin.com/jobs/view/externalApply/3281622776?url=https%3A%2F%2Fjobs%2Eintel%2Ecom%2Fjob%2F-%2F-%2F599%2F36657007232&urlHash=-JBU&refId=kSJBJdYQpSTRorOPjZYY0g%3D%3D&trackingId=sfVfQqV%2FnOiKYlxeTAsm3g%3D%3D&trk=public_jobs_apply-link-offsite,8.4%
Intel Corporation,Automation Engineer Graduate Intern,https://www.linkedin.com/jobs/view/externalApply/3289565271?url=https%3A%2F%2Fjobs%2Eintel%2Ecom%2Fjob%2F-%2F-%2F599%2F36995118208&urlHash=6yvp&refId=8CwGdo3KRCV0iy2zCJwWOw%3D%3D&trackingId=B62pACBR0PODt6LyhLxZ0g%3D%3D&trk=public_jobs_apply-link-offsite,10.14%
Intel Corporation,Software Engineering Graduate Intern (ATL),https://www.linkedin.com/jobs/view/externalApply/3289565271?url=https%3A%2F%2Fjobs%2Eintel%2Ecom%2Fjob%2F-%2F-%2F599%2F36995118208&urlHash=6yvp&refId=8CwGdo3KRCV0iy2zCJwWOw%3D%3D&trackingId=B62pACBR0PODt6LyhLxZ0g%3D%3D&trk=public_jobs_apply-link-offsite,0.0%
Intel Corporation,Software Engineering Undergrad Intern (ATL),https://www.linkedin.com/jobs/view/externalApply/3289565271?url=https%3A%2F%2Fjobs%2Eintel%2Ecom%2Fjob%2F-%2F-%2F599%2F36995118208&urlHash=6yvp&refId=8CwGdo3KRCV0iy2zCJwWOw%3D%3D&trackingId=B62pACBR0PODt6LyhLxZ0g%3D%3D&trk=public_jobs_apply-link-offsite,0.0%
Intel Corporation,Software Engineer - PEY Intern,https://www.linkedin.com/jobs/view/externalApply/3289565271?url=https%3A%2F%2Fjobs%2Eintel%2Ecom%2Fjob%2F-%2F-%2F599%2F36995118208&urlHash=6yvp&refId=8CwGdo3KRCV0iy2zCJwWOw%3D%3D&trackingId=B62pACBR0PODt6LyhLxZ0g%3D%3D&trk=public_jobs_apply-link-offsite,0.0%
Intel Corporation,Automation Engineer Undergraduate Intern,https://www.linkedin.com/jobs/view/externalApply/3291308386?url=https%3A%2F%2Fjobs%2Eintel%2Ecom%2Fjob%2F-%2F-%2F599%2F37061890352&urlHash=Iwe-&refId=8CwGdo3KRCV0iy2zCJwWOw%3D%3D&trackingId=aB%2BYFP%2FF06vD%2BF4OGZRnvQ%3D%3D&trk=public_jobs_apply-link-offsite,10.28%
Intel Corporation,Automation Engineer Graduate Intern,https://www.linkedin.com/jobs/view/externalApply/3291309213?url=https%3A%2F%2Fjobs%2Eintel%2Ecom%2Fjob%2F-%2F-%2F599%2F37061891104&urlHash=TsFz&refId=8CwGdo3KRCV0iy2zCJwWOw%3D%3D&trackingId=40JriQRWBRfEBfBh%2Bf77NA%3D%3D&trk=public_jobs_apply-link-offsite,10.28%
Intel Corporation,Software Engineering (SK) - Intern,https://www.linkedin.com/jobs/view/externalApply/3257357586?url=https%3A%2F%2Fjobs%2Eintel%2Ecom%2Fjob%2F-%2F-%2F599%2F35754946816&urlHash=EDpc&refId=8CwGdo3KRCV0iy2zCJwWOw%3D%3D&trackingId=0VA0iCt2jk8o5kPAgObMHw%3D%3D&trk=public_jobs_apply-link-offsite,8.27%
Intel Corporation,Cloud Software Development Engineer - Graduate internship,https://www.linkedin.com/jobs/view/externalApply/3254070664?url=https%3A%2F%2Fjobs%2Eintel%2Ecom%2Fjob%2F-%2F-%2F599%2F34604740544&urlHash=gyr8&refId=8CwGdo3KRCV0iy2zCJwWOw%3D%3D&trackingId=E1LLewd6yDj1Id6p6JrceA%3D%3D&trk=public_jobs_apply-link-offsite,7.04%
Intel Corporation,FPGA Software Engineering Intern,https://www.linkedin.com/jobs/view/externalApply/3281622776?url=https%3A%2F%2Fjobs%2Eintel%2Ecom%2Fjob%2F-%2F-%2F599%2F36657007232&urlHash=-JBU&refId=8CwGdo3KRCV0iy2zCJwWOw%3D%3D&trackingId=AMQffcyXhxWLWRjZRBRkBA%3D%3D&trk=public_jobs_apply-link-offsite,8.4%
Intel Corporation,Graduate Internship - OS Software Engineer,https://www.linkedin.com/jobs/view/externalApply/3254076038?url=https%3A%2F%2Fjobs%2Eintel%2Ecom%2Fjob%2F-%2F-%2F599%2F35409208208&urlHash=X_9V&refId=8CwGdo3KRCV0iy2zCJwWOw%3D%3D&trackingId=6XmrTVDXL6Qtb783x0o6Tg%3D%3D&trk=public_jobs_apply-link-offsite,9.01%
Intel Corporation,Software Application Intern,https://www.linkedin.com/jobs/view/externalApply/3289563302?url=https%3A%2F%2Fjobs%2Eintel%2Ecom%2Fjob%2F-%2F-%2F599%2F36995115232&urlHash=oys9&refId=8CwGdo3KRCV0iy2zCJwWOw%3D%3D&trackingId=8h39zPc%2Fub54z9nEmi0QnA%3D%3D&trk=public_jobs_apply-link-offsite,8.05%
Intel Corporation,Hardware/Software Engineer - Graduate Intern,https://www.linkedin.com/jobs/view/externalApply/3254073232?url=https%3A%2F%2Fjobs%2Eintel%2Ecom%2Fjob%2F-%2F-%2F599%2F34505485696&urlHash=KqeX&refId=8CwGdo3KRCV0iy2zCJwWOw%3D%3D&trackingId=YWwF%2BvjvSYSZ24gV%2BiX5bA%3D%3D&trk=public_jobs_apply-link-offsite,6.37%
Intel Corporation,AI Solutions Engineer Intern,https://www.linkedin.com/jobs/view/externalApply/3254067837?url=https%3A%2F%2Fjobs%2Eintel%2Ecom%2Fjob%2F-%2F-%2F599%2F34063316080&urlHash=Wh37&refId=8CwGdo3KRCV0iy2zCJwWOw%3D%3D&trackingId=%2B1t1O1mlOVMYteEuQhRORw%3D%3D&trk=public_jobs_apply-link-offsite,9.05%
Intel Corporation,Application Engineer Intern,https://www.linkedin.com/jobs/view/externalApply/3259909773?url=https%3A%2F%2Fjobs%2Eintel%2Ecom%2Fjob%2F-%2F-%2F599%2F35879745840&urlHash=wno7&refId=8CwGdo3KRCV0iy2zCJwWOw%3D%3D&trackingId=ef57LKVPCam68LQdnl3QKQ%3D%3D&trk=public_jobs_apply-link-offsite,9.86%
Intel Corporation,PSG Engineer Intern,https://www.linkedin.com/jobs/view/externalApply/3284946839?url=https%3A%2F%2Fjobs%2Eintel%2Ecom%2Fjob%2F-%2F-%2F599%2F36775911584&urlHash=YzDb&refId=8CwGdo3KRCV0iy2zCJwWOw%3D%3D&trackingId=xZvbQ9mxew1ZNH2UPBfL5A%3D%3D&trk=public_jobs_apply-link-offsite,10.8%
Intel Corporation,Undergraduate Internship - Graphics Software Engineer,https://www.linkedin.com/jobs/view/externalApply/3254074217?url=https%3A%2F%2Fjobs%2Eintel%2Ecom%2Fjob%2F-%2F-%2F599%2F34604754144&urlHash=zULH&refId=8CwGdo3KRCV0iy2zCJwWOw%3D%3D&trackingId=euzSTry9NVBCEmMeB%2FE0Ig%3D%3D&trk=public_jobs_apply-link-offsite,8.15%
Intel Corporation,Network Software Engineer Undergraduate Internship,https://www.linkedin.com/jobs/view/externalApply/3254071572?url=https%3A%2F%2Fjobs%2Eintel%2Ecom%2Fjob%2F-%2F-%2F599%2F34604674368&urlHash=McSg&refId=8CwGdo3KRCV0iy2zCJwWOw%3D%3D&trackingId=D%2F%2BE2hSOIP%2FCaNnhDAgnTQ%3D%3D&trk=public_jobs_apply-link-offsite,8.47%
Intel Corporation,AI Frameworks Intern Engineer,https://www.linkedin.com/jobs/view/externalApply/3254071578?url=https%3A%2F%2Fjobs%2Eintel%2Ecom%2Fjob%2F-%2F-%2F599%2F34604680832&urlHash=mSlP&refId=8CwGdo3KRCV0iy2zCJwWOw%3D%3D&trackingId=i9%2BZRd5RkQhs%2BYl%2BewPFgQ%3D%3D&trk=public_jobs_apply-link-offsite,8.76%
Intel Corporation,Graduate Intern - Firmware,https://www.linkedin.com/jobs/view/externalApply/3254069681?url=https%3A%2F%2Fjobs%2Eintel%2Ecom%2Fjob%2F-%2F-%2F599%2F34063312816&urlHash=NefB&refId=8CwGdo3KRCV0iy2zCJwWOw%3D%3D&trackingId=XSmYMYuIxg3QoqTOM52EWA%3D%3D&trk=public_jobs_apply-link-offsite,8.15%
Intel Corporation,Design Automation Intern,https://www.linkedin.com/jobs/view/externalApply/3259913251?url=https%3A%2F%2Fjobs%2Eintel%2Ecom%2Fjob%2F-%2F-%2F599%2F35879823536&urlHash=AJLk&refId=8CwGdo3KRCV0iy2zCJwWOw%3D%3D&trackingId=2WiNyCFIcpO4c20O33jkDw%3D%3D&trk=public_jobs_apply-link-offsite,13.02%
Intel Corporation,Graduate Internship - Graphics Software Engineer,https://www.linkedin.com/jobs/view/externalApply/3254068830?url=https%3A%2F%2Fjobs%2Eintel%2Ecom%2Fjob%2F-%2F-%2F599%2F34604754112&urlHash=t5iX&refId=8CwGdo3KRCV0iy2zCJwWOw%3D%3D&trackingId=HP489%2BSg3GCfBsVSoJCoBw%3D%3D&trk=public_jobs_apply-link-offsite,7.43%
Intel Corporation,CORE CPU Pre-Si Validation/Verification Intern,https://www.linkedin.com/jobs/view/externalApply/3254068811?url=https%3A%2F%2Fjobs%2Eintel%2Ecom%2Fjob%2F-%2F-%2F599%2F34604670512&urlHash=gUoE&refId=bUGLETt8vL7EYKY5B8BxcQ%3D%3D&trackingId=AUAVpCoEWBv4P6Zj18%2FI%2Bg%3D%3D&trk=public_jobs_apply-link-offsite,5.37%
Intel Corporation,SMG ADC Technical Graduate Intern,https://www.linkedin.com/jobs/view/externalApply/3254068811?url=https%3A%2F%2Fjobs%2Eintel%2Ecom%2Fjob%2F-%2F-%2F599%2F34604670512&urlHash=gUoE&refId=bUGLETt8vL7EYKY5B8BxcQ%3D%3D&trackingId=AUAVpCoEWBv4P6Zj18%2FI%2Bg%3D%3D&trk=public_jobs_apply-link-offsite,0.0%
Intel Corporation,Automation Engineer Graduate Intern,https://www.linkedin.com/jobs/view/externalApply/3291309213?url=https%3A%2F%2Fjobs%2Eintel%2Ecom%2Fjob%2F-%2F-%2F599%2F37061891104&urlHash=TsFz&refId=bUGLETt8vL7EYKY5B8BxcQ%3D%3D&trackingId=elNvSbPhTwOeggaJ86esSA%3D%3D&trk=public_jobs_apply-link-offsite,10.28%
Intel Corporation,Facilities Engineering Intern - Water Treatment and Reclaim,https://www.linkedin.com/jobs/view/externalApply/3271094748?url=https%3A%2F%2Fjobs%2Eintel%2Ecom%2Fjob%2F-%2F-%2F599%2F36311100800&urlHash=7jnX&refId=bUGLETt8vL7EYKY5B8BxcQ%3D%3D&trackingId=sjmD%2BlZ9TWgV%2FxJG1uro0g%3D%3D&trk=public_jobs_apply-link-offsite,9.7%
Intel Corporation,SMG Cloud Technology Undergraduate Intern,https://www.linkedin.com/jobs/view/externalApply/3284953007?url=https%3A%2F%2Fjobs%2Eintel%2Ecom%2Fjob%2F-%2F-%2F599%2F36775922048&urlHash=P4GD&refId=bUGLETt8vL7EYKY5B8BxcQ%3D%3D&trackingId=qLWY1LPncGeaw7nao8wtmw%3D%3D&trk=public_jobs_apply-link-offsite,7.76%
Intel Corporation,Platform Monitoring Engineer Intern,https://www.linkedin.com/jobs/view/externalApply/3254073264?url=https%3A%2F%2Fjobs%2Eintel%2Ecom%2Fjob%2F-%2F-%2F599%2F34604714256&urlHash=grCc&refId=bUGLETt8vL7EYKY5B8BxcQ%3D%3D&trackingId=wWqboS1Ph%2BS3EtDeSSvMbQ%3D%3D&trk=public_jobs_apply-link-offsite,9.55%
Intel Corporation,Information Security Engineer - Intern,https://www.linkedin.com/jobs/view/externalApply/3281626509?url=https%3A%2F%2Fjobs%2Eintel%2Ecom%2Fjob%2F-%2F-%2F599%2F36657010752&urlHash=UEKm&refId=bUGLETt8vL7EYKY5B8BxcQ%3D%3D&trackingId=%2BPfn%2BzqrO0%2FwLeU6D46Exw%3D%3D&trk=public_jobs_apply-link-offsite,8.74%
Intel Corporation,Research Scientist Intern,https://www.linkedin.com/jobs/view/externalApply/3254072237?url=https%3A%2F%2Fjobs%2Eintel%2Ecom%2Fjob%2F-%2F-%2F599%2F34063305488&urlHash=Z1Qm&refId=bUGLETt8vL7EYKY5B8BxcQ%3D%3D&trackingId=TA%2FSibZT%2BGRv%2Fb%2FucmSs4w%3D%3D&trk=public_jobs_apply-link-offsite,12.69%
Intel Corporation,Software Engineering (SK) - Intern,https://www.linkedin.com/jobs/view/externalApply/3257357586?url=https%3A%2F%2Fjobs%2Eintel%2Ecom%2Fjob%2F-%2F-%2F599%2F35754946816&urlHash=EDpc&refId=bUGLETt8vL7EYKY5B8BxcQ%3D%3D&trackingId=9fKHMsz%2BLjRK3lpclEMj5g%3D%3D&trk=public_jobs_apply-link-offsite,8.27%
Intel Corporation,Software Application Intern,https://www.linkedin.com/jobs/view/externalApply/3289563302?url=https%3A%2F%2Fjobs%2Eintel%2Ecom%2Fjob%2F-%2F-%2F599%2F36995115232&urlHash=oys9&refId=bUGLETt8vL7EYKY5B8BxcQ%3D%3D&trackingId=UNpCZGCkZ56Ne3YDCPs7PQ%3D%3D&trk=public_jobs_apply-link-offsite,8.05%
Intel Corporation,FPGA Software Engineering Intern,https://www.linkedin.com/jobs/view/externalApply/3281622776?url=https%3A%2F%2Fjobs%2Eintel%2Ecom%2Fjob%2F-%2F-%2F599%2F36657007232&urlHash=-JBU&refId=bUGLETt8vL7EYKY5B8BxcQ%3D%3D&trackingId=QrQ%2By4RO4%2Bn6GlHbRRPMZA%3D%3D&trk=public_jobs_apply-link-offsite,8.4%
Intel Corporation,Facilities Technician Intern,https://www.linkedin.com/jobs/view/externalApply/3269398569?url=https%3A%2F%2Fjobs%2Eintel%2Ecom%2Fjob%2F-%2F-%2F599%2F36222015264&urlHash=X9yF&refId=bUGLETt8vL7EYKY5B8BxcQ%3D%3D&trackingId=zSav62pjGpb4TMYCMD6%2F8g%3D%3D&trk=public_jobs_apply-link-offsite,9.53%
Intel Corporation,Automation Engineer Graduate Intern,https://www.linkedin.com/jobs/view/externalApply/3289565271?url=https%3A%2F%2Fjobs%2Eintel%2Ecom%2Fjob%2F-%2F-%2F599%2F36995118208&urlHash=6yvp&refId=bUGLETt8vL7EYKY5B8BxcQ%3D%3D&trackingId=YPs%2Bm3%2FDyrWOB%2BCJ4m5uQw%3D%3D&trk=public_jobs_apply-link-offsite,10.14%
Intel Corporation,Design Automation Intern,https://www.linkedin.com/jobs/view/externalApply/3259913251?url=https%3A%2F%2Fjobs%2Eintel%2Ecom%2Fjob%2F-%2F-%2F599%2F35879823536&urlHash=AJLk&refId=bUGLETt8vL7EYKY5B8BxcQ%3D%3D&trackingId=0QSsquhq1GdkMw2ArpMmIQ%3D%3D&trk=public_jobs_apply-link-offsite,13.02%
Intel Corporation,AI for 3D Learning Research PhD intern,https://www.linkedin.com/jobs/view/externalApply/3265931753?url=https%3A%2F%2Fjobs%2Eintel%2Ecom%2Fjob%2F-%2F-%2F599%2F36097797856&urlHash=mM8N&refId=bUGLETt8vL7EYKY5B8BxcQ%3D%3D&trackingId=KorrDk4DzFR75BSeO9i%2BNw%3D%3D&trk=public_jobs_apply-link-offsite,10.1%
Intel Corporation,Information Security Data Analyst/Engineer - Intern,https://www.linkedin.com/jobs/view/externalApply/3283980102?url=https%3A%2F%2Fjobs%2Eintel%2Ecom%2Fjob%2F-%2F-%2F599%2F36718005328&urlHash=58v9&refId=bUGLETt8vL7EYKY5B8BxcQ%3D%3D&trackingId=RXqyU9bT8%2FVtKsv%2B%2BACW2A%3D%3D&trk=public_jobs_apply-link-offsite,11.63%
Intel Corporation,Pre-Si Verification SoC - Grad Intern,https://www.linkedin.com/jobs/view/externalApply/3254068814?url=https%3A%2F%2Fjobs%2Eintel%2Ecom%2Fjob%2F-%2F-%2F599%2F34604673616&urlHash=QFkJ&refId=bUGLETt8vL7EYKY5B8BxcQ%3D%3D&trackingId=CQUsPP3767HL7kLVgG7vhg%3D%3D&trk=public_jobs_apply-link-offsite,4.21%
Intel Corporation,Workload Emulation Engineer - Graduate Intern,https://www.linkedin.com/jobs/view/externalApply/3257349571?url=https%3A%2F%2Fjobs%2Eintel%2Ecom%2Fjob%2F-%2F-%2F599%2F35761971472&urlHash=c3vj&refId=bUGLETt8vL7EYKY5B8BxcQ%3D%3D&trackingId=%2BCyK2Qwwx9lClVCTjM0DrQ%3D%3D&trk=public_jobs_apply-link-offsite,11.16%
Intel Corporation,Network Software Engineer Undergraduate Internship,https://www.linkedin.com/jobs/view/externalApply/3254071572?url=https%3A%2F%2Fjobs%2Eintel%2Ecom%2Fjob%2F-%2F-%2F599%2F34604674368&urlHash=McSg&refId=bUGLETt8vL7EYKY5B8BxcQ%3D%3D&trackingId=1n9ugEPkUshamx6ipBZYhw%3D%3D&trk=public_jobs_apply-link-offsite,8.47%
Intel Corporation,Automation Engineer Undergraduate Intern,https://www.linkedin.com/jobs/view/externalApply/3291308386?url=https%3A%2F%2Fjobs%2Eintel%2Ecom%2Fjob%2F-%2F-%2F599%2F37061890352&urlHash=Iwe-&refId=bUGLETt8vL7EYKY5B8BxcQ%3D%3D&trackingId=C7WS8ujpE2IP4i6aX%2FUVPQ%3D%3D&trk=public_jobs_apply-link-offsite,10.28%
Intel Corporation,Cloud Software Development Engineer - Graduate internship,https://www.linkedin.com/jobs/view/externalApply/3254070664?url=https%3A%2F%2Fjobs%2Eintel%2Ecom%2Fjob%2F-%2F-%2F599%2F34604740544&urlHash=gyr8&refId=bUGLETt8vL7EYKY5B8BxcQ%3D%3D&trackingId=TK7LkwwhSXcJGCa9zNiBaA%3D%3D&trk=public_jobs_apply-link-offsite,7.04%
Intel Corporation,Graduate Internship - Graphics Software Engineer,https://www.linkedin.com/jobs/view/externalApply/3254068830?url=https%3A%2F%2Fjobs%2Eintel%2Ecom%2Fjob%2F-%2F-%2F599%2F34604754112&urlHash=t5iX&refId=bUGLETt8vL7EYKY5B8BxcQ%3D%3D&trackingId=aKXDRc%2BOeX8pFA%2F5adIrkw%3D%3D&trk=public_jobs_apply-link-offsite,7.43%
Intel Corporation,Software Engineering Undergrad Intern (ATL),https://www.linkedin.com/jobs/view/externalApply/3254069797?url=https%3A%2F%2Fjobs%2Eintel%2Ecom%2Fjob%2F-%2F-%2F599%2F34505490240&urlHash=_Qqy&refId=bUGLETt8vL7EYKY5B8BxcQ%3D%3D&trackingId=WDKQrjh9QEqoTRvBNS3mBw%3D%3D&trk=public_jobs_apply-link-offsite,6.99%
Intel Corporation,Quantum Architecture Intern,https://www.linkedin.com/jobs/view/externalApply/3277984321?url=https%3A%2F%2Fjobs%2Eintel%2Ecom%2Fjob%2F-%2F-%2F599%2F36599767216&urlHash=TedT&refId=bUGLETt8vL7EYKY5B8BxcQ%3D%3D&trackingId=NiNCvt9todD1YG8CuAPJmQ%3D%3D&trk=public_jobs_apply-link-offsite,10.51%
Intel Corporation,Graduate Technical Intern Cloud (Fall 2022),https://www.linkedin.com/jobs/view/externalApply/3254074379?url=https%3A%2F%2Fjobs%2Eintel%2Ecom%2Fjob%2F-%2F-%2F599%2F34898892800&urlHash=7nlg&refId=bUGLETt8vL7EYKY5B8BxcQ%3D%3D&trackingId=lKwMV5Xv%2F5ZgS6joVUCk6A%3D%3D&trk=public_jobs_apply-link-offsite,9.43%
Intel Corporation,Graduate Internship - Graphics Hardware Engineer,https://www.linkedin.com/jobs/view/externalApply/3254074218?url=https%3A%2F%2Fjobs%2Eintel%2Ecom%2Fjob%2F-%2F-%2F599%2F34604754064&urlHash=rM5R&refId=%2FBJY8cxQHt6mH9xMQQIfTQ%3D%3D&trackingId=b29Ln%2FFcP8mwX74C%2FYMrBQ%3D%3D&trk=public_jobs_apply-link-offsite,7.33%
Intel Corporation,CAD Research Intern,https://www.linkedin.com/jobs/view/externalApply/3284951454?url=https%3A%2F%2Fjobs%2Eintel%2Ecom%2Fjob%2F-%2F-%2F599%2F36768065296&urlHash=kMTL&refId=%2FBJY8cxQHt6mH9xMQQIfTQ%3D%3D&trackingId=mrh%2B13PeFji8W7glhGMjRA%3D%3D&trk=public_jobs_apply-link-offsite,8.55%
Intel Corporation,Software Engineering Graduate Intern (ATL),https://www.linkedin.com/jobs/view/externalApply/3254071761?url=https%3A%2F%2Fjobs%2Eintel%2Ecom%2Fjob%2F-%2F-%2F599%2F34898903984&urlHash=OlBr&refId=%2FBJY8cxQHt6mH9xMQQIfTQ%3D%3D&trackingId=t9QhODfp%2BAOp2hnEWoi8Vw%3D%3D&trk=public_jobs_apply-link-offsite,6.99%
Intel Corporation,Undergraduate Internship - Graphics Software Engineer,https://www.linkedin.com/jobs/view/externalApply/3254074217?url=https%3A%2F%2Fjobs%2Eintel%2Ecom%2Fjob%2F-%2F-%2F599%2F34604754144&urlHash=zULH&refId=%2FBJY8cxQHt6mH9xMQQIfTQ%3D%3D&trackingId=wdDiu55Cmvz9ueoVTsEv5Q%3D%3D&trk=public_jobs_apply-link-offsite,8.15%
Intel Corporation,Graduate Intern - Firmware,https://www.linkedin.com/jobs/view/externalApply/3254069681?url=https%3A%2F%2Fjobs%2Eintel%2Ecom%2Fjob%2F-%2F-%2F599%2F34063312816&urlHash=NefB&refId=%2FBJY8cxQHt6mH9xMQQIfTQ%3D%3D&trackingId=m%2F9KxENE400848BhGmLTCA%3D%3D&trk=public_jobs_apply-link-offsite,8.15%
